x1,x2,x3,x4,x5,x6,y
-0.29830873146384157,0.34554893444361834,-0.8941115187856167,-0.8360237941813234,1.0,0.12771471217950003,0.5068270923551221
-0.40777452697296623,-0.304273030289791,-1.0,-1.0,-0.8437406426512137,-1.0,1.3630099560730362
-0.20650996311003025,0.528266996124317,-0.9204615623327367,0.22965844401698632,0.8758293521531322,0.5103296733131886,2.75967723126624
1.0,-0.10587870740985483,0.7441805801466594,0.6532826616962613,1.0,0.8312898938734019,-3.765847359816297
-0.8502299236348827,-1.0,-0.6937149979375425,-1.0,0.7605659206611435,0.6966517692882241,-2.115681342504773
1.0,1.0,1.0,0.9713818886930166,-0.5914355682709499,-0.512300156345868,3.473307775912237
0.20540225578927584,0.04767380845475855,-0.46787574775327756,-0.5189983252693171,-1.0,-0.9431533595454382,2.1156866827056833
-0.12929539617410635,0.35049531141770496,-1.0,0.38980087563356214,-0.930419464637981,0.948989961185535,5.8512332523128565
-0.41094347662848163,-1.0,-1.0,-0.5248722922015074,-0.35390544724023476,0.036975639144082584,-3.432043011094514
-0.48196524308776656,-0.38792150951393356,0.4614800725302656,-0.35358592180513787,1.0,-0.7794337248768821,3.9177343837995906
-1.0,0.20719488784712087,-1.0,-0.03613484746830377,0.7316522635100663,0.7989847216024298,5.145449670148397
-1.0,-0.15561826742872586,-1.0,-0.02471874869657853,1.0,0.8442031769868499,5.13729699309715
-0.2787434868871006,1.0,-0.3052395829950232,1.0,-1.0,0.20949392697512004,1.3593370652631758
-0.8575236237867618,-0.023401449460417112,-1.0,-0.25879128464629875,-0.5543841130195724,-0.9658685731019665,2.359360806516925
0.22999503843746438,-0.6057280826287141,0.6059736218589017,-1.0,-0.37992618412258483,-0.33282511187735336,1.8531166174362632
-0.5644441666747242,-0.8287952025639704,-0.5851356204434277,0.0024665449404268625,-0.5066515650473623,-1.0,1.947075231932027
-1.0,-1.0,0.15702095125490134,-0.7797328261956271,-1.0,-0.1420766977182255,1.5663400873908284
1.0,0.3656514497872385,0.723874399926197,0.8327798204922194,0.5540225121554687,1.0,-1.6341461002964852
-0.5361744557238242,0.24037480966277663,-0.1772651293941112,-0.1920495104855311,0.5944733532634591,0.5078139733909965,2.545075544032937
-1.0,-0.3267384458356608,0.4274961564841524,0.10377778070464738,1.0,1.0,3.9214403040717833
1.0,-0.7630686570903443,-1.0,-0.24427479722264722,-0.8308186697855723,-0.24744762782841945,4.960644809594725
-1.0,0.07176689114380419,-1.0,-1.0,-1.0,-1.0,1.343535461685416
1.0,1.0,1.0,0.825462083251077,1.0,0.06349689677040815,-8.001770416094054
-1.0,-1.0,-0.3923272444154118,-1.0,-1.0,-1.0,5.9511732153589065
-0.3993365618852889,-0.9276370924407915,-1.0,-0.09679036043032274,-0.7098921620557453,0.791784047627807,0.9553225049695089
-0.5828539751959989,-0.7024943743348299,-0.33682058806388016,-0.5103399689615915,-0.15459120469150645,-0.06904836234067835,0.21504845353627877
-0.10911548014445116,-0.5708075400049026,0.6323559264003586,0.4136567033270435,0.9772244923461865,-0.0853664639862124,0.12830767303611085
0.5558605812795373,-0.21898527275225355,0.13201507970234655,0.0025092643912356105,-0.4325980266561581,-1.0,5.49658902759476
0.3917333176905386,-0.045357418234789226,-0.891832603915271,-0.4280380179056026,0.7449107011465625,1.0,3.8003508625351605
-0.0566969952413785,-1.0,-1.0,-1.0,-0.1324093323241056,0.6714413949392833,-2.700058310587827
-0.3446118145516753,-0.46517636492250275,1.0,1.0,1.0,1.0,0.8925456475686089
0.8231588149178466,1.0,-0.2144540499237464,1.0,0.090554933154117,-0.714273988088108,2.39710463824508
-0.5317068751386109,-0.7184192678680187,-0.8821995113313061,-0.6982064690695003,-1.0,-0.016222655103479422,-0.9275097425213605
1.0,1.0,0.19269552385093114,0.509419984787072,1.0,-1.0,0.3222547197609718
0.5180310565121121,0.04041220357701869,-0.35428665727021597,1.0,-1.0,1.0,7.065083554879786
1.0,1.0,0.6514493514024868,0.22850886813476645,0.28917616257516165,-0.8105117547659939,0.14633484924081167
0.12381741500424198,-0.05103119431106096,1.0,0.13701147022440963,0.06603072251141523,-0.03249096032864532,-0.45712173205222434
0.028147371041719937,-0.03982640002215718,-0.8430361061137785,-1.0,-1.0,-0.0035873507133543647,0.7500527591037086
0.857405723815026,-0.9924395737303899,-0.13976057210776438,-1.0,0.03825201829596755,1.0,-0.12178113807797164
-0.3388037907420099,-0.11994740487539945,-1.0,-0.4399250741667041,-1.0,-0.0883376931780866,-1.6124864724535066
-0.03386648486449517,-0.50605256987278,0.4512513664574182,0.8577434134595774,-0.7074174660404093,-0.9420718154746872,2.3722735531996246
1.0,0.5708783012915823,1.0,1.0,0.14380664927908648,0.679098028305609,-3.2471840504079155
1.0,0.2006012510195414,0.8073239705202426,0.761805998155433,-0.39651985729804495,-0.2460017194667382,2.2950506064177847
-1.0,-0.7238572483428024,0.05294286787752611,-1.0,-0.7557939950601005,-0.8856566347631634,3.700113298154585
1.0,1.0,1.0,0.42633917351351647,0.0841729852190137,1.0,-4.157218485728176
-1.0,-0.5801384862308011,1.0,-0.95432492202091,-0.18996154017506983,-0.7247263786494103,2.189017662995335
-1.0,-0.8894309023588993,0.04719826937028626,-0.973794357686522,-0.20790238487909418,1.0,-2.564890348728567
-1.0,-0.8328081074732889,-0.2733509612363154,-1.0,0.4135330902659393,0.1434643485041992,-0.9020263501612262
0.6474525853296471,0.8496737344613055,0.5758723352427735,0.6757764483961473,-1.0,-1.0,5.003872367656771
-1.0,-0.5140803152595015,-1.0,-1.0,-0.32458274527000974,1.0,2.9335715079097997
-1.0,-0.7026113432915546,0.725999758866457,-1.0,-0.14882263632836468,-0.8681099505136687,3.1787717008174208
0.14352658959423828,0.45647609650686194,-0.4785812400575664,0.3044707450171797,-1.0,-0.9459121369232741,1.0697546173046129
0.562849613790285,-1.0,-0.7057387701444808,0.39592657422374433,1.0,1.0,0.5516808590054497
0.3599194888867332,-0.23614417817225541,0.5911390598380308,-1.0,1.0,1.0,1.6559600988375895
1.0,0.9372413250665397,1.0,1.0,0.4716458961652159,1.0,-8.319574701293105
-1.0,-1.0,-0.23238179954446936,-0.06348446145783004,1.0,-0.7601176928579624,3.2712712711995504
0.5306541399428638,0.7565418339646419,1.0,1.0,1.0,0.7953060121942461,-6.520315070696337
-0.9366943680209087,-0.3984795007659717,-1.0,-0.6642022653333954,-1.0,0.2798482093209778,-1.8673244636176252
-0.23862322390348523,-0.5999919558670218,0.8223543018919612,-1.0,1.0,1.0,-1.4761142126324702
0.6700432476713707,0.41690935994211364,0.15266322376654828,1.0,0.4654452272312243,1.0,2.3030656293195833
-1.0,0.7274586343063496,-0.5041964474839211,-1.0,0.47008355988286604,0.4963040819376553,2.6704674041002434
0.5609593688672827,0.22835703098303073,0.33211502045977803,1.0,1.0,-0.6533743820032927,0.260984163147619
1.0,0.4685182794210747,0.4228965215537238,1.0,-0.7071748398624256,-0.267336945603633,3.190439110639673
0.05119860610427879,0.21240492110082093,-0.29762844506848196,0.26716023203811456,-1.0,-0.7368710091651647,0.061880873065889186
-0.8453272950164907,-1.0,-1.0,-1.0,-1.0,-0.6203512646688359,1.15600284533737
-0.20934285209400677,1.0,1.0,0.1447639559837793,-0.3790785430235848,-0.6540953890629184,-2.260754333890206
-0.4078569808950743,-0.12166566495774878,-0.690450697608433,-0.8112793021138465,-0.21707632791291864,-0.1686967598592498,-0.08632621554251696
1.0,1.0,1.0,1.0,0.27568689854996653,-0.6929455311020107,-1.8734114515428724
0.39362793977866967,0.249005559231385,0.11997039721547076,-0.9353639425093252,1.0,0.882169231503249,3.0608811736602894
-0.8489555542822778,-0.145835997160759,-0.35768344328039636,-0.14689015007093675,-1.0,-0.6515918290341763,-1.3415761467705412
0.042480560917017074,-0.4159189818368569,1.0,1.0,0.6582433380654413,0.15620240855149492,-1.8766880959045873
0.9102591974172193,-0.9280670327304541,-0.3349474542198789,-0.20546734810147893,0.9005575346997325,0.5430159786042019,-2.4304984544901296
-0.3845015295427443,-1.0,-0.22340677497141848,0.6290917936569393,1.0,-0.11917660154983897,-0.6295622060042377
0.3939980588302052,-0.5578023778697295,1.0,0.6334493481577338,0.5143478465585813,-0.09059533030058209,-1.1338741642933379
-1.0,-0.61261364679014,1.0,1.0,-0.7383040875799698,1.0,-4.279347264854205
-0.7286254618019571,-1.0,-0.4219987692639383,0.1465090588091259,0.3828749880570244,0.2822093255349956,-0.2789076784689238
1.0,0.4423951559399655,1.0,0.5322179837047387,0.19962741964625183,-0.6815414588035115,1.6102845537722548
0.6691020888808676,0.6457742751445792,-0.18809973001111124,-0.4061861075324242,0.031546503390561365,0.15685485329655735,0.8874723233410358
0.5190310068984101,-0.8153863939055068,-0.5779195990697221,0.380652322225732,0.6692043852498497,1.0,1.7071842393272847
-1.0,-0.811746154798175,-0.3687558152494914,-1.0,0.35982062531892445,-0.3241511611070013,-0.13972205884743916
-0.5355784205387564,-0.2335349488262723,0.3319035752127602,-0.0853611247698196,-0.6620129767978984,0.0019743665755722617,-0.89756343405042
-1.0,-0.9101666678462799,-0.029541135296198062,-1.0,0.7823765790508417,0.4186778796386008,1.4456067573782367
0.6939596621638469,1.0,-0.7621894229633196,0.5906155952804772,0.23797689871217353,0.021708991380473996,1.8212474426608714
0.3332294128176061,1.0,0.6639531908334806,0.08416393712805714,-1.0,-1.0,-0.5694082017946713
-0.9818670139725895,-0.9730290837104012,-0.5689348581415815,0.4670934074185389,1.0,1.0,4.783166327488511
-0.10228615816679298,-0.28473435369707545,-0.8037123638004038,0.11395076362294351,0.1425001488743709,1.0,5.428731004481342
1.0,1.0,0.4897879661155795,1.0,0.5084257266194079,0.9226105011454948,-1.1225398376349665
-1.0,-1.0,-1.0,-0.6544923563362053,-0.6366227013763871,0.45267726648728335,-5.4220548476196715
0.1969956348672145,-0.0025713393362356562,-0.46073756210710703,-0.24777771507609248,0.015848668697370116,-0.24313858348478667,-0.4972170328343778
0.6941735029887672,1.0,1.0,1.0,1.0,1.0,-8.259905239448965
-0.49014750198615764,-1.0,-1.0,-0.5965078268698989,0.9671062321190833,0.4467232957515569,-3.4581785075882943
-1.0,-1.0,-0.2458789753467081,-1.0,0.5582532658365391,1.0,-1.5966062375205288
-0.5554180947321168,0.5427375001492025,-1.0,0.05012174689862925,-1.0,-0.26672125237549626,-1.7486076128305301
-1.0,-1.0,-0.7052734883777949,-0.7196888508560508,0.6877591272013857,0.4133853128511982,-3.5722846784759374
0.6141071273928683,-0.0001321632885252777,-0.15356535284165942,0.059060969973924904,1.0,0.538539104032463,-1.1519522149159804
-0.02983606591006649,-0.43796260970141354,-0.32834718265296103,-1.0,-0.29345529493032485,-0.9967026971384092,3.9805276666584737
-0.7435326178629218,-1.0,0.554023619182944,-0.6069432709038654,-1.0,-0.7422679851597165,5.036367811824289
-0.9565089148254384,-0.3079521792224395,1.0,-0.06763519771834856,1.0,1.0,-1.790432561410031
-0.014627575205651278,-1.0,-0.3053875877355492,-1.0,1.0,-0.3494740863374698,1.359935858908901
0.21936519574581692,1.0,-0.3014083867296067,-0.10747507954702523,1.0,0.434365335543772,3.3361740568412097
-0.7554741964538888,-0.7983124216847899,-0.3132029679551862,-0.08853315352239804,-1.0,0.44448207925033173,-2.612947061128796
-0.9256843345524473,0.06769552273320856,-0.8389519969081348,-1.0,-1.0,-0.7200073814398911,-0.8744607533174827
-0.30190506194572,-0.3545916549477719,0.3666134563108926,0.0493620978262122,-0.8850046046024664,0.43558681346463374,-0.9488475401044548
0.46185663532260823,1.0,-0.5570959074185542,-0.3973615612730718,0.2765754471975288,0.22759949064332274,1.8108696575023986
0.6865340004806968,-0.41786852680452446,-0.4371744823213327,0.1996443323144998,-0.063134685410972,-1.0,3.1109472260699818
1.0,1.0,0.25932722604743597,0.19907347376817497,-0.5774126858636335,1.0,4.540578184208503
0.4642472002764577,-0.32654337613094286,-0.9085943912981054,-0.17043082386884673,-1.0,-1.0,3.9789361997506028
1.0,-0.1347057876586335,0.692227160919918,-0.09524552815297227,-0.6396040501081065,0.16140224551973903,1.5999082014252726
1.0,0.7109739739846936,1.0,1.0,-0.9007389511421116,0.5116501605012691,3.407586524463225
0.04617277195072644,0.13671605095433614,-0.363387491809933,0.9661518824499359,0.3603116741241391,-1.0,1.8987289848490927
0.22832279771249672,0.17545503126189055,0.33310351811958927,1.0,0.4037111585514125,-1.0,2.8574701021594313
0.04887845755550013,0.43184317259699645,-0.2762159618982528,0.029361881438684234,-0.5329362077737542,-0.15964351243938146,0.0669897369383402
-0.5590782122349317,-0.06555872338260404,-0.9103928664244274,0.3574713005039207,-1.0,-0.9193309271498407,-0.6749966772386342
-0.6732341685275453,-0.08477079379915448,-1.0,0.2573550612390921,-0.16597495503495852,1.0,6.838789634205935
-0.4149737668896797,-1.0,-1.0,-1.0,-0.9530142209312589,-1.0,5.587615351205871
0.9280022645733615,0.7666857713079529,-1.0,-0.4615335433115194,-1.0,-0.6544770355028633,4.4434612786334275
1.0,0.35367102471362555,1.0,0.28212757288689505,-0.4215569071711509,-0.792012803808346,3.9730893669061085
0.6994581895791563,-0.9632289027317662,0.7916108367482423,-0.14284710107158333,-0.3949169150534093,1.0,2.4992184767900816
0.5594676482138785,-0.2936055341717705,-0.7778056098123043,1.0,-1.0,-1.0,2.7436176636594705
1.0,1.0,-0.23897206810940586,0.5543440245184241,-1.0,-0.7205555937996888,5.183654749119776
-0.1660985728338661,0.022769935568913713,-0.7903051036768601,-1.0,-0.8021926282109002,-1.0,0.3301200568884931
-0.44228014233694374,-0.6780921634854851,0.5553360772375862,0.4126733077991118,-0.03872700213732694,0.431550499918654,-0.014196551860466852
-1.0,-0.5768972993343322,-0.048026092080370786,-0.8417268965547346,-0.7079997912950884,0.6608199518028526,-1.3695482472448839
-0.28272238707612485,-1.0,-1.0,-1.0,-1.0,-1.0,5.68989605162272
-1.0,-0.8410825374498542,-0.2787748746956564,0.9334706897095095,0.44322050738572594,-0.44248134022179303,0.7811801638516089
-0.2533060840358862,-0.9887118668159499,-0.8384169693554504,-0.37633088954365673,-1.0,-1.0,2.0097400835596204
-1.0,-1.0,-0.39080450344150375,-0.7040828572675852,1.0,0.2616881394223318,-0.43541527681123066
-0.4249478279173471,-1.0,-0.8733664028790087,-1.0,0.8048901211554423,-0.40504403590708615,-2.5528636139418515
0.4789293590763866,0.6044322390940964,0.5143056455329423,0.9982184229075017,-0.28604794035572234,-1.0,5.699333697571774
1.0,1.0,0.8975736049879599,0.8842235723945502,0.7827489446170305,0.36033776342081925,-6.787645789151713
0.7000031558858347,1.0,1.0,0.20597536771931546,-0.18112121287135297,-0.6812140365044971,0.19387105337647437
0.8127167356667031,-1.0,0.5519165511076616,-0.12406082714632882,-0.20653641048864735,-1.0,8.286286493475748
0.5897688213383712,-0.009897221875347917,-1.0,-0.5818409904692805,-0.5725233599093148,0.02216766784830526,1.2599926884932617
-0.8643892640163598,-0.05450044189903919,1.0,0.49993267034369543,-1.0,-0.20551100639256892,-2.879154669535964
1.0,1.0,-0.26725771926792785,0.019212041670301716,1.0,-1.0,-0.32255177182790995
0.6054331217894177,0.8148994816750519,1.0,0.3674322567676253,-0.028423172114198092,-1.0,1.143713908692378
-1.0,-0.1510065982111677,-0.2949694142592033,-0.0927761304415579,0.9174827962745202,0.839440582074124,5.205060614952191
-0.30635116343886515,-0.44496706196609725,0.08784483742698734,-1.0,0.2222030787581818,1.0,0.7871080238676014
0.015261285814000769,1.0,0.9028609007407262,-0.05763353893958423,0.5353013659735533,-0.10499628917421855,-1.9505756335069449
0.8245853584224505,1.0,0.7972400674909643,0.8171579529053126,0.3896446662115551,0.16388874001468606,-3.7358623689947192
0.2550255952113058,-0.3601755046419458,0.35205872918982806,-0.7229373363544997,0.42398868019504077,0.5119337857254089,-0.6786469190295357
-0.48828362932287817,0.49597015830300495,0.20710102701291955,1.0,0.12008249138830052,-0.45817323712174285,0.25513575905295593
-0.14473504660583492,-0.1465865749904376,1.0,1.0,0.1750921326623166,0.8144940039509492,-2.2990919408823904
-0.8286161604046136,-0.26383613757905544,-0.5426900132263928,-1.0,0.2317280123358776,-0.7450257321865721,2.5895425337968954
1.0,0.37264433751985226,0.5818452506679228,0.03660110596250005,-0.5660197252129963,0.49269224868367895,1.388761243572417
-1.0,-1.0,-0.7988844499204336,-1.0,0.002718110325613976,-0.2921755339850699,-4.5373897537426
1.0,0.5280569174710197,0.6199824837181309,1.0,-0.9562142004393466,-0.23723473589477262,4.445221102402211
-0.7575204395547391,-0.4904563723532821,-0.7982522905590486,-0.15059014159969758,0.08058244679920834,-0.45660120733001575,-0.15655211590169604
-0.5222930472192187,-0.4574268802163161,0.2918710951661739,1.0,0.16706942097696298,1.0,1.9615944680576822
-0.49289876774374997,-0.17101295700687325,-0.3832844870217868,0.30949796619115333,0.09777651104327079,-1.0,2.7394042689982445
1.0,0.89996875680399,0.0982032766992782,1.0,0.2726002452927553,-0.04877491774126841,-0.040867861435676583
-0.012670870851312577,0.4756318856290893,1.0,0.816837726781331,0.9192481145799223,1.0,-1.2727010567620574
1.0,0.9908754062755174,0.9588561995036422,0.43138173212573805,-0.8432851971318479,-0.590363517477063,2.3254760154900964
-1.0,-1.0,-1.0,-1.0,0.3735935717665657,-1.0,3.0745158466599056
-0.8839122630275328,-0.23667148222323797,-0.51154040325582,-0.21443776093443334,0.9865658850834338,0.2024991359451656,1.5487466857888876
-1.0,-1.0,-0.46686226312435064,-0.17610535096351262,-0.6404444888879743,-0.9808412295637898,1.8053125283141325
-1.0,0.07323714475536014,-1.0,-0.3135963857519011,0.7909877828528337,0.20993181841221603,-0.07919323036493045
0.6402265487824352,1.0,1.0,1.0,-0.8334340720585736,0.6999557730418126,0.364886783962612
-1.0,-0.20723886570502292,-1.0,0.3564677893864868,0.4476317276070369,-1.0,6.413681119904521
0.8232816563608039,1.0,1.0,-0.41164879877797933,0.950211481960679,0.9555526782640141,-3.513481381674569
-1.0,-0.3339294157222735,-0.14303592577780677,0.5668447372249511,0.29311525422402096,1.0,3.3578995703882573
0.9482422830854897,1.0,1.0,0.9170777797684169,-1.0,-0.027726747011555086,2.9883150374591887
-0.7026862837217432,0.12546725748721366,-1.0,0.6526664418920444,-0.7828977625549768,-0.18857837305060365,-2.0940027190692447
-0.865237570867629,-1.0,-1.0,-0.27500716824353755,0.7155988317653328,-1.0,4.719862700976006
-0.1158223205459743,0.07712842649867968,0.9477083899275525,1.0,0.6395811230155664,1.0,-0.2688874714118654
-0.026066692302808225,-1.0,-1.0,-1.0,-0.4655480847472637,-0.3251884350528104,-0.6866961294396315
-0.2185523901023092,-1.0,-0.9792568087191521,0.28444123500977775,1.0,0.8947745195524978,2.814022162310884
1.0,0.38239354941910686,0.47637379713129935,0.5397738376172745,-0.7008927726071765,-1.0,8.08844726088503
-1.0,-1.0,-1.0,-0.9390705473850789,0.4076744240705448,-0.3262763378777582,-5.623718147403958
-0.5811238723353037,-0.6103608904041558,0.722154159827452,0.7058282929577775,1.0,1.0,2.4561655721236075
-0.35712623018280576,-0.44026131931396817,-1.0,-1.0,1.0,-0.7186460769894114,1.9569039144301075
-0.08905387596658365,-0.4633529186071812,-1.0,-1.0,1.0,-0.22163527302027697,-0.6954670246675042
0.4627229491011953,-0.48097847406913535,-1.0,-0.5323347671355494,1.0,0.8188753488050425,0.03227364902851156
-0.4095148481989248,-1.0,-0.73737040646775,-0.6113180921017058,-1.0,1.0,3.4326036305652146
-0.7698029166390361,-1.0,-0.7619097153557401,-1.0,0.2941106234477735,0.13469382055397605,-4.982084341055821
-0.502029914156688,-0.508986140828521,-0.43245333886094056,-0.04097151097374663,-0.2103258942824785,-0.7163696608028212,0.6288354312289615
0.41000188695461115,-0.8394227557441496,1.0,1.0,-1.0,0.01768466949151759,3.1303367493055485
-0.5737019831765828,-0.08326716043213589,0.13957794344574587,1.0,-0.40271259802122206,-1.0,1.9759418571162612
-0.08995150913005356,0.6479947626045952,-1.0,-1.0,0.27787395855295494,0.4499624337725202,1.772306996561368
0.7202577853591132,0.7824380686429084,0.8711000981335849,0.0966526995300534,1.0,-0.5008476151332962,-2.4894966226396242
1.0,1.0,0.038259778956227564,1.0,0.18420199693313466,0.4551556169481228,0.4653173912541502
0.8466037370660027,-0.13734990751953693,0.04338102262595078,-0.15625347179762827,0.596669384934968,0.37607459681550215,-1.6894994596436277
-1.0,-1.0,0.13230913332979452,-0.8437819171022334,-0.15225009269523226,-0.7763958039112187,3.6722346683006046
-0.11050612949491559,-0.15214989482080432,0.060063849938990416,0.980441921231262,0.9968851852947326,-0.08385253697462772,0.8540495661912525
1.0,0.22275578241464405,1.0,1.0,0.4431544996149675,-0.986722911138829,0.20325720748648013
1.0,-0.7264747288675278,1.0,0.25285909956444064,-0.4292714560977336,0.08187955372591416,3.1857589276006935
0.42602780493817527,-0.8879376326815174,-1.0,-0.37035394972608326,-0.12209631357717043,-1.0,2.1167063152819003
-0.15658210596414696,-0.0471842764101314,0.3041345278132872,-0.8029357996793747,0.27362193441686755,1.0,1.661144537173761
1.0,1.0,0.9306774780900998,1.0,-0.8348175911937488,0.632881786948431,1.2820874703292293
1.0,0.4793984784441412,1.0,1.0,0.13382041698978842,-0.19979455508002292,-1.1884687484223175
0.00801932772896996,1.0,0.43640217224179767,0.2584858772150068,0.06292174146311258,-0.22454677621069197,-1.174556501331037
0.9719796429537111,1.0,0.632836578407524,1.0,-0.8046206792569142,-0.7967230410842947,7.432998438283137
0.24233532254841056,-0.4031946062674256,-0.1534990779662939,-0.47138278084623997,0.6742607627022572,-1.0,2.187822701830026
0.14876376571091843,0.6657519812127147,0.042329413107091374,-0.47327626831982605,-1.0,-1.0,0.98173509163709
1.0,1.0,-0.901463272042546,0.17056374629612514,0.9169618496127598,1.0,3.461174458973301
1.0,1.0,0.3038304097625142,-0.36496977437332,-0.5237526716679612,0.2790596083859806,1.5132006625914693
0.7088731200243064,0.05839830792275813,0.48551227737472,0.857329548999122,-0.730813259167935,-0.7585802907570312,4.782105246445059
-0.023767871736417034,1.0,1.0,0.1153744224136739,-0.005259599594229503,0.1749267568201902,-2.4626504516593095
-0.20810423346848383,0.4004470283146766,1.0,1.0,-0.5691218469334985,1.0,-3.7842342598123064
-1.0,-0.9425898833331984,-0.11778608872953389,-0.8984606562130444,-1.0,-1.0,5.2583647082987595
1.0,0.3782511259802328,1.0,0.029247625627850438,-1.0,0.06041235032624637,3.7433614339294086
1.0,0.2694850738796014,-0.4426680426108426,0.48186245724534427,-0.6471133231025386,-0.29950683071946754,1.559202950755143
0.27109593671279075,0.0920285177650082,0.49271089199659035,0.8359473606997574,0.3014355084996443,-1.0,3.0802924978867834
0.2688215763704197,0.30698835932987073,0.5680174113107901,0.06365485048062541,-1.0,0.6632406180175292,0.9489051512516253
-1.0,-1.0,-0.36337100113096765,-1.0,0.5387474829620388,-1.0,5.97720575230202
-1.0,0.027130973169006617,-0.0004419063745502716,-1.0,0.4070637168313571,-0.661449672601661,2.863998163337251
0.18380488937464856,-0.1788687376815396,0.5592600301466522,0.09157070488039726,0.6428427311689405,-1.0,2.9522160874852332
-0.197695208315537,-0.24710326944459515,-1.0,-1.0,-0.2033699237908052,1.0,5.712492185527825
0.4111489884976547,0.6657828648269853,-0.47639386913960663,0.7140281515956948,0.07033758811582769,1.0,4.0410442079978335
1.0,1.0,-0.4931816917637132,0.3962252536401646,0.6083438163225678,1.0,2.362413137106424
0.6158672049079427,0.6275267411844796,0.9895158831457876,0.7030266574957835,-0.594630948023145,0.70733555790723,-0.15430885082754486
-0.8766885974475696,-0.47186789783513594,-1.0,1.0,0.6025302449156115,0.5080392350585939,0.06782778077659296
1.0,1.0,1.0,1.0,1.0,0.5581440500652257,-10.015811352158513
1.0,1.0,0.6957712701897896,1.0,0.5976916542766789,-1.0,0.79423986403336
-0.14985225919631184,-0.667705909715266,-0.8048799426312399,0.4758325121582987,-0.14520991765483693,-1.0,1.9018270364169678
-0.6084503838932789,-1.0,-0.04932646430997045,-1.0,-1.0,-0.5786686894633032,6.06494064863761
-0.3193638449009036,1.0,-0.4599593100462729,-1.0,0.7404125583364938,-1.0,0.5370679943858857
-0.012397006576661762,-0.6762822892252617,-0.7288400821117823,-1.0,-1.0,-0.49962988088879245,2.977836646910321
0.23293130764281905,0.08446469878721741,0.10100566871891481,1.0,-0.652918215447382,0.07866204629100818,0.37556679205273613
-0.5742357307572518,-0.2335410595176315,0.36733618256087475,-0.7028661208024812,1.0,0.7877580111125819,3.5097997585259244
0.8706657070090353,1.0,-0.6782975379656222,0.4528597587744425,0.441443618617677,0.8421278908084666,3.9717907086954956
-0.48359975965193114,-0.04462410496098568,-0.06000148547865147,0.3055229216622627,-1.0,-0.4530826853705433,-0.9396980776804934
-0.30416352522920603,0.8418762644261957,1.0,0.5456684749392686,-1.0,-0.7691573067516568,-1.487975119441127
-0.9499929815383309,-0.838207208138338,-0.03063042850680145,-1.0,-0.9242007895865125,-1.0,4.607096327926354
1.0,0.10523264024466905,0.6010142279147899,0.2977653467044338,0.31913456887243424,-0.27582476826915114,0.01901813660877416
1.0,0.014482662823805947,1.0,1.0,-0.25722479662277786,1.0,-1.317760132658819
0.4790114476415783,1.0,0.5767552207795467,0.5939499242293144,1.0,0.522354667839068,-2.2646860876682764
0.21136341602752706,-0.5502133603203738,-0.4739512941706867,0.21387342645976476,0.6987569982235265,1.0,3.0960914489376803
-1.0,-1.0,0.028023318580089773,-0.29254966900099344,0.8273032916115144,0.3433305610058347,1.0679503983612118
0.07658654496072514,-0.139343715972145,-1.0,0.009112433529196218,-0.8529310734975736,-0.4366712793884244,-0.15825303599972462
-1.0,-0.8906287795794219,0.8170495980043364,-1.0,-0.6089392837326832,-1.0,5.086698778650007
1.0,0.5083133003642273,0.4889312634427596,0.6800684979867377,-0.6298464662531336,-0.4861082925870064,4.198906267725019
-0.4952483461432202,-0.8560416863679723,-1.0,-0.6069155607240395,-0.7767456900518461,0.20569605734958551,-1.2965077553555235
-1.0,0.06847685319973196,-0.33349025964698686,-0.5021433764415625,-0.30411085727723475,1.0,2.035394479390117
-1.0,0.44924025558983194,-0.7158798207604908,-0.8375140193990136,0.07117511849645958,0.37192779258631403,1.0433448570071797
-1.0,-1.0,-0.7977278845588012,0.30424680025676343,1.0,1.0,3.88796612358466
-0.18855966303638394,-1.0,-0.8108947706682019,-1.0,-0.14904378009472452,-0.005254852440620933,-3.3822908138652306
-1.0,-0.5645345886605504,-0.31735407723696535,-0.6202703950032507,-0.11507192767387942,-1.0,3.3527226493834656
0.442938491239975,1.0,0.4113366276942061,0.3340856824888447,-0.6035809344501508,-0.3328061700716445,0.5294324459416891
-1.0,-1.0,-1.0,-1.0,-0.6510668241201212,-1.0,3.497220590534262
1.0,1.0,1.0,1.0,-0.2776750636289371,-0.6165266994435279,2.1180027171218616
-0.8511859613500148,-0.09652852248681132,-0.3055175773448484,-1.0,-1.0,-1.0,0.327286093308493
0.12103765165621222,0.2418369577132144,0.4625357007044543,-0.9754682982087299,-0.6659086168938517,0.19679256898546615,0.5863353895559652
-0.851534816129702,-1.0,-0.8446068974305274,-0.013838099191213704,-0.21686806279104762,-0.42652232517087646,-2.2669169357615457
-1.0,-0.8766401539670714,-0.2850794408746503,-0.038668373751867435,-0.3033087764739531,0.6194341533003297,-1.9409571898523046
0.21860375501860618,0.226521516341039,0.01982900828391143,1.0,0.6342944516049914,0.6394929655445892,0.8385679615026523
1.0,1.0,1.0,1.0,-1.0,0.5477624644203452,1.9035727502149953
-1.0,-0.8178985388650979,0.4998811644169292,0.42326434489835846,-0.9318649382405129,-0.919003763322088,0.15770244000500516
-1.0,-1.0,0.12532897233151197,-0.3318456875684397,0.5733716913136182,1.0,1.178798655163814
-1.0,-0.17096377582382294,-0.32021628495095844,0.014228879692058438,0.5943013680153736,0.21371052532480778,1.4353875755606393
0.27604751049008036,0.8896075539925778,-0.027343589918108924,1.0,-0.28552664749961976,0.35030199201261125,0.9893676702603579
-0.052997224994208114,0.12509555093265046,0.521109183684592,-0.9324234695773481,-1.0,-0.21788078934655064,1.2788897041982827
1.0,1.0,0.1077931410013635,0.38551259561397644,-1.0,-0.5554950366040565,3.8854132973469504
1.0,-0.2079455105088579,0.38147163996906874,0.9011041128927737,-0.3636895781246906,0.7504613552948066,1.2994663849546186
1.0,1.0,1.0,0.5276696224541981,-0.8014794454548906,0.02807323924444527,1.0533987708674841
0.9073229425457082,1.0,0.22393965814667885,0.24057606983423063,-0.13166663950934504,-0.017209779634661693,-0.6281834648064005
0.4335785930054765,-0.29398443303140254,0.7800480314203168,0.10455124313410419,1.0,0.08411582992029465,-2.589575293920779
-1.0,-1.0,-0.6888609920647301,-0.06974555107401514,-0.7492165427394949,-1.0,0.7471163902938313
1.0,0.7737338895900661,0.8329698720485426,1.0,0.8233310275493995,0.3824432481324511,-6.406171341225979
-0.06647940958907883,1.0,0.48941701325416587,0.7241716190574188,-0.0003350240810907623,-0.05706580659704141,-1.6188381387481172
-0.5135143271224709,-1.0,0.4834628596920034,0.3464792779380227,-0.8920180986987596,-1.0,2.402326337081091
-1.0,0.23032234234292487,0.3328491028228906,-1.0,1.0,0.06264376626609092,4.942733176461886
-0.23197281607157227,0.3554386289177569,1.0,1.0,0.2841661737894372,-0.04606845482789504,-1.2503975560957614
-0.7406872225327454,-1.0,-0.14381177017964064,-1.0,1.0,0.8583361475708997,0.5096248977262952
-0.05616840225567124,-1.0,-0.8067234961337574,-0.298428700156836,-0.824173079179482,0.8413941236767002,0.7993228899472814
-0.7846824811480131,-0.7340976833246817,-0.24303565791892956,-0.9311197022489819,1.0,1.0,2.289970338077554
-0.7733230859001724,-0.8515803294627652,-1.0,-0.5274754473111105,1.0,0.9654378243879378,3.112332423344139
-0.4323719273965362,0.22334311836449594,-0.8395694903226149,-1.0,-1.0,-0.3598731246622152,-1.021423815503822
-1.0,-0.1548028774436905,-0.1579647343584074,-0.4098132168627727,0.33975036234326145,-0.7571157804017988,2.5927001426231917
-1.0,-0.507954710549511,-1.0,0.1871468007164266,-1.0,-0.17350394481559078,-4.27639750055874
-0.32260726248252153,-0.6625143249003247,-1.0,-0.4408383556707798,0.09276252890560988,-0.7656207871857958,2.5614885108224303
0.3280959996216648,0.07823334747753055,-0.3271378668988544,0.7051524712223446,0.21923699281456366,1.0,4.057876866861548
-0.3134985649104768,0.42175877846559007,-0.6792346228001862,0.02089865246023015,-0.1331047981581865,0.30104663501946016,0.6285032534065074
0.44438738837467073,0.680175057770922,0.8308529331329509,0.5231048110916633,-1.0,-0.7799229406385304,2.387196078238477
-0.00317871908871753,0.9888210723734443,-0.5227836539659991,0.9188118086083525,-0.2372080020616396,-1.0,4.57885476576276
-0.16170686194509787,0.020366714766755833,0.444502489458351,0.3307616264051531,-0.13324946201532162,-0.7803095074002374,1.2604993670159685
-0.6829754606437657,-1.0,0.7840771671416874,-0.6369845149488803,-0.5823271613377163,0.646012330616643,-1.03463269145172
-0.05199619494110097,-0.7788552727920692,-1.0,-0.496209749010758,1.0,0.6839919118425619,-0.8729569522890642
0.05074927573307586,-0.4425146582138375,-0.2958658040817057,-0.9114882147931513,1.0,1.0,3.3138299470037333
-0.760141038546801,-0.23174858238733076,-1.0,-0.053361238224814034,-0.7327473858829383,0.029142100148300765,-1.7051353481578606
0.8452923640581054,0.294529019392014,-0.09902747509544119,1.0,-1.0,-1.0,7.762138605291041
0.6067646743834837,0.46151290302622794,0.8579296621723214,0.6869360728568885,-0.18172919696560727,0.14985093662541205,0.0784085249122593
1.0,0.4514451522261347,1.0,1.0,-1.0,-1.0,8.652104615646135
0.3429577148028844,0.4192155313702398,1.0,1.0,-1.0,0.47190563890827025,-0.28195180405116327
0.9569910840804867,-1.0,0.986606986644843,-0.5599083340664694,0.26281500827274873,0.4713620915326018,-0.7122306320077493
-0.5004698906756919,0.557370061588923,0.26663234487367726,-0.45204378938465206,0.11457337418271304,-0.9692289686535079,1.2188304624702733
0.44508116165880596,1.0,1.0,1.0,-1.0,-0.4138506404270944,2.1413468657381154
1.0,1.0,0.6526436129768127,0.29334757716945614,-0.4546163885590643,0.9377114046732239,1.9483335094020195
-1.0,-0.8707702618396373,-0.6884112637656687,-0.20919952791551838,-0.06316657932293723,-1.0,2.9763792581613044
0.6090078838125086,-0.3138416322351689,-0.5954878307430489,0.40728656496757465,-1.0,0.7186663894180987,3.740814206304156
1.0,0.05101021717691201,0.1073807432713072,-0.1563523524373825,-0.8971075126052394,-1.0,6.504224017720496
-0.3218762215294204,-0.33165282452284556,0.6463699810136319,0.6428343384827107,-0.1348806543162513,-0.7965510178932412,1.936148712802836
0.9662053894285159,0.6619982043395392,1.0,0.6246449787959356,0.5842328996835616,1.0,-5.250466947331516
0.8212404298481146,-0.4649095555618563,-0.24799018732396044,-1.0,1.0,0.18736162904172593,-0.5869238554122383
1.0,-0.1278352802567203,0.7237634777503933,1.0,1.0,1.0,-3.106681605706897
-1.0,-0.21770875915277155,-0.9819220540562774,-0.30735839528432596,-1.0,-0.35474208155551645,-2.0174244932583645
1.0,0.21801228593881605,0.6590331607545951,0.519771709089392,-0.43882732657403534,-1.0,6.346332422372029
0.8070782235939156,0.7121817744588332,0.5314599554861379,-0.3475942237091603,1.0,-1.0,-0.8300871258836511
1.0,0.6020491931356184,1.0,0.8968244933676222,0.45137532686792325,-0.1408947418416138,-2.330740534636988
1.0,0.7002892660435234,0.5722799554001826,-0.20759230032167386,-0.8044506653986603,-1.0,5.468581930879327
0.0022083365516097353,-0.48421567740291743,0.9892879579694178,-0.05048129599679757,-1.0,-1.0,1.2745900459116106
0.35979614340847443,0.39084818854983283,1.0,0.6773129971265969,-0.18249349565185347,-0.6573812300805462,1.5502985449881668
-1.0,-0.35361657579671824,-1.0,-1.0,1.0,0.7059816475032915,1.3964232083162889
0.51395102325442,0.2869681392301351,0.8721698171615457,0.7567016839967805,-1.0,-0.9253249015064593,4.150821202765483
1.0,-0.15432946905973915,-0.8485321595795434,0.6025933880358416,-0.20337207992773362,-0.15304513078456267,0.8550012568325512
-0.535741983019245,1.0,1.0,-0.6835971063084254,-0.029883355592873195,-0.33563114774233616,-3.883906111175357
0.6776131014115252,0.6283082510010333,-0.20953002325567116,1.0,1.0,-0.2720408978786991,-0.6556543459436694
1.0,0.5755609143299383,0.3884425251740242,1.0,1.0,-0.20958465942114707,-2.723013619511967
0.17164600497661991,-0.8530091234193309,0.25414481002013256,-0.24104356112903086,1.0,1.0,1.8678063167625196
-0.659631444453866,0.5753331967533222,0.8420127056242102,1.0,1.0,1.0,-0.16317303256382104
-0.5725168312817098,0.14110409678458397,-0.2453639831210348,0.06093748440079705,-1.0,-0.9153143835826876,-1.4810278088939348
-0.6003551718947702,-0.13876515559980762,-1.0,-0.7565389730126721,-0.5300542457946403,-1.0,3.8470350164583995
0.9465017545626289,-0.36264496212146374,-1.0,-0.871764431942271,-0.1824326084888176,-0.4507921878986749,1.6056855389502513
0.7174479240102849,0.613385069209639,1.0,1.0,1.0,0.4745822962865194,-4.7990288009086095
0.7213161327628292,0.9320537579755396,1.0,1.0,0.29459837602435385,-0.07240146044243334,-3.264803187451798
0.005502873638857153,0.05458020668870622,1.0,1.0,-1.0,0.3663940592461181,-1.7655952566630768
0.23011588663903465,-0.4476999374147651,-0.1583414129772396,0.07408985494197182,0.5730331424299364,0.9154438217488158,1.6945674691527506
-0.10545857096847555,0.9049221651053387,0.6435359268852584,-0.6821050185935658,0.9622486966879265,-0.4730636016486698,-0.3166226014819427
-0.1316287139003327,-0.45933798015979166,-0.7316238389444415,-0.9993498321929046,-1.0,-0.9484951091383274,2.6118385905136163
1.0,1.0,1.0,1.0,0.44247024419557657,-0.6435383100185096,-1.6094124199853983
-1.0,-0.19066869753425372,-1.0,-1.0,-1.0,0.45334674110471546,-1.7117519749491736
0.4595515532379292,0.506867384887851,0.6150702178644389,-0.2591641175438358,0.10725423883723129,0.548276445985735,-0.49832560144683824
-0.45305328375721854,-1.0,0.2736972507052416,-0.5740467579911147,-0.3429129887811627,1.0,0.13823053418186132
-0.012740811734393898,-1.0,-1.0,-0.6441767940266508,0.1622094257691712,0.9030920328637614,-0.9580991308195647
-0.3616158030538872,-0.18011861423723952,-0.4970082238412208,-0.5258986434716049,0.5879378097464868,0.2789560508035658,0.2579072802385273
-1.0,-0.6866521589038074,-0.5284717098332407,-0.18456446028986634,-0.6550373524201407,-0.6262783020274134,-0.33507410714788277
-1.0,-0.3919578068558358,0.3555337065305774,0.40265249313650253,-0.20125940440300671,-0.15102592217846322,-0.30286391010967
-0.930686195012379,-0.6049477677155193,-0.5853993605399057,-0.19428910475869787,0.33845513296606233,-0.024979987922710223,-0.43455833596147186
-1.0,-1.0,-0.5564872917543879,-1.0,0.5459084747148735,0.2682459914885127,-3.6078318734841983
-1.0,-0.775976397327002,-0.1600240721012104,-0.9122106950274989,-0.4645633756730617,1.0,-2.2799812585242907
-0.24061976995793344,-0.31073969497424375,-1.0,-0.6374295465076515,-1.0,-1.0,0.4619164518039671
0.4595492244581394,0.2450563183697465,0.7871398950180812,1.0,0.6570553874424858,-0.4086690620443514,-0.8715220654344034
1.0,0.7033477047496932,0.25365578421141766,0.2213477783166793,1.0,0.8400494955757867,0.21913212028622087
-0.15502921378233642,-0.3891946245926824,0.8087337725628176,0.7906929807074243,-0.5855338484823176,-1.0,1.3544690673560869
0.4474270670269407,-1.0,-0.796395642115906,-1.0,0.21392781101176953,1.0,-1.5705772483952285
-1.0,-0.6237951990013875,-0.443031220034215,-0.012652324245350677,1.0,1.0,5.957218352762049
1.0,0.27725945857428846,0.047304487699447506,0.6556509521187905,1.0,1.0,1.691398687857537
-0.35326304866970487,-0.5124455550746949,-0.969749534417601,0.3780563549661726,-0.9149376835365796,1.0,5.354835494413053
0.4046639717556477,0.6425156883217786,-0.48564699146642737,1.0,-0.5283532177882363,-1.0,4.2023687423847065
1.0,-0.24962769401689555,1.0,0.4355519543810865,-0.010831801668642782,1.0,-2.128731700911322
-0.5661988196636056,-0.3941473437540976,-0.058056981107330326,0.9024729498573689,1.0,-0.12803748078213023,1.4090585233670434
0.5700607639940481,1.0,-1.0,0.8546713118204969,-1.0,-1.0,9.013979071589562
0.4022948413457374,0.7035988571643288,1.0,0.29387917473649416,-1.0,-0.4637943498213104,1.3654984977970814
-0.11212956296580079,-1.0,-0.7965863832191971,-0.7785522853335205,0.3688024463041575,0.587229393343413,-1.973246248139728
-0.740426922957643,-0.6731502258221977,0.4975045758835175,-0.05708036133040338,-0.2491796340191511,1.0,-0.9836506215041805
0.3078816876284814,0.717394446566183,1.0,1.0,0.47896240827811387,0.310438378579282,-3.5316002422272357
-0.8540882278307838,-0.6818254522218163,-0.3004019618710043,0.01550594202482658,0.1684519541631352,0.7642675953670683,-0.27501507931477687
0.19815398969270648,0.7811690472058528,1.0,0.9748174847706517,-0.47132019853295504,-0.034733309687423275,-1.8449114172598766
1.0,-0.3917736639312992,0.8216902352018676,0.9714597074923456,-0.35920688865430406,-0.138452867051302,1.7401769350486316
1.0,1.0,-0.29699695426276784,0.0523082599578214,1.0,0.8056672592112228,0.7243721509259685
-0.17299766497364472,0.8826855999550935,-0.306306168994236,-0.9502672879622136,0.08553173992313573,-0.21473778776749364,-0.40396559419297423
-0.5650734610812589,0.5850607061545126,0.7761419073311517,0.18546599845074607,-0.060037228052752134,1.0,0.5109815528027027
-0.07435833176243001,-1.0,-0.5813273043512426,0.2405500786153827,0.7291367362500591,-0.2315732253728321,-0.8882264515029774
0.9961569987388559,0.5001959437707888,1.0,1.0,-0.1400394190552149,-0.6331291527963008,2.0050520391968116
0.6123333686977603,-0.8636807882330182,0.23345338230851465,-0.9039658172442897,0.18460627646400574,0.6228890778465177,-1.2261697561792506
0.6143483032628252,1.0,0.7210445290534948,1.0,0.5493965370753144,-1.0,-0.7373391532177632
-0.33778480309755643,-0.154839387931981,-1.0,-0.037299838585326595,1.0,0.4593653191920166,1.2169400090119196
0.4885030872342213,0.922930956055606,1.0,1.0,-0.9862844239290239,-0.5213329663705202,1.8262170584132404
-0.3963028195510466,-0.9943533778665954,0.32489943370839347,0.14018103977298133,-1.0,-1.0,3.973449058869477
1.0,0.416959404421551,-0.48108414209293754,1.0,0.5816222406600573,0.07999714174673422,-1.6111202279657497
0.8677689599563232,0.6813356675346334,1.0,-0.3116889823870269,0.9329715882035041,0.7301702716012219,-3.0028264077163
1.0,0.5253370305389196,0.7157977669839741,1.0,0.6374485727479136,-0.6826665950064934,0.3379610865042333
-0.5376383747329279,-1.0,0.1801971826859572,-0.3975552546860246,-0.8043290477489318,-0.9737090833760548,4.330942546770462
0.688993887696048,0.46713821369670105,0.20277959876703888,1.0,0.6928409255285077,1.0,1.2287461023208077
0.20993238977334872,-0.5741983037681462,-0.5609922635857725,-1.0,0.8111270590676485,-0.06585602043088001,0.1433366772785788
0.7535260382233132,0.6438268029252219,1.0,0.5338691203064382,-1.0,-1.0,4.737375024476617
1.0,0.9473220197203696,0.21226421579193033,0.14400457949497147,0.06793176809597612,-1.0,2.970507259593677
1.0,0.4919961668007691,0.3563938361542811,0.008004799926103479,1.0,1.0,-0.08248236745200402
-0.6010339271707874,0.0813929920350126,-0.06977177481350649,-1.0,-1.0,-0.4431617405714535,0.5107740433724881
-0.30979575755609673,-0.01644936984202605,1.0,0.05493395483688818,-0.9609675086724642,0.3394053149193852,-2.831644095248456
0.7893801407304228,1.0,1.0,0.35148651284712706,-0.832232221285695,1.0,0.04249573582895916
1.0,-0.39515312717876583,0.563837102848291,1.0,0.3322092111736949,0.49491124867672404,-0.8569202641721455
-0.005235065388680016,-0.18803978811079913,-0.7634403454724042,-0.05932207323041488,1.0,0.1486075485925809,-1.429261821232768
0.6405093368837675,0.7131776709614436,0.0815409920747551,-0.16953905820267823,-0.2107712626075583,-0.5143232661362702,1.3925328292820969
0.13527205639213036,-0.5185723572003642,1.0,-0.09675490430795503,1.0,1.0,-3.171152364662891
0.5592373132814902,0.6481731613016863,-0.9388116537423159,0.32312155686396743,0.07089790904749282,-0.11910146423168005,0.4346515002007141
-1.0,-0.5313552727241266,-0.7146699945438162,-1.0,-0.2328487772427016,-1.0,3.1512970475888853
-0.3489762731906681,0.5933342498851268,-0.39554684681951513,-0.7274754508397032,-1.0,-0.13382485272994082,-0.363172084319985
-0.6127276264363946,0.12452618100741503,0.0029101028954660046,-0.4009538061771279,1.0,1.0,5.287869533902011
-0.22520372118770582,-1.0,-0.20090261057141715,-0.8159432574212953,-0.5037020017558287,-0.6063606170279346,2.73517700018447
0.42959159336526326,-0.21232070939114187,0.25781418604374234,0.2728602483663555,0.7426212996699928,-0.8719888111625391,1.7271544087093715
-0.4781007167007426,-0.31133923362960847,1.0,-0.6912692588905696,-1.0,-0.04600758960659557,-1.457798252441652
-0.056605809998788836,1.0,-0.9745503228685563,-0.13247107833527805,-0.8510687726738946,-1.0,2.9531651987440166
0.22607152895495353,-1.0,1.0,0.8614561867534336,-0.3875313233072729,-0.41124436600011177,2.644700030226395
0.38135955906300023,-0.32858644388045016,-0.40113693665155115,-0.3339131162359962,-1.0,1.0,6.238968122174331
-1.0,-0.9445410105803019,0.27099618371691636,0.7522611228442773,0.8550226249657311,1.0,3.533394974939189
-0.11844299815554998,0.44546727943284303,-0.25749966631837135,0.47366940965469206,-1.0,-0.9696743081563792,1.4732316561659284
1.0,0.27114596456379303,-0.1678562330808567,0.7717093908387288,-0.9594592170770938,0.8974402264114694,5.687192278770376
1.0,1.0,-0.1591778173582329,0.161073794624911,0.587285233900167,0.12903163020332709,-0.38155594398690784
-1.0,-1.0,-1.0,-0.8592463498142104,-0.5179377029617235,1.0,-0.6315867177776513
-0.16993580853284088,0.12539165509857564,0.3912664857641104,0.4870813778072293,1.0,0.15131507343014405,0.6539650856279509
0.12100963321988224,-0.49268320828976303,1.0,1.0,1.0,0.19480282920931502,-3.181500204855178
0.5472714171132049,0.810826062986822,1.0,0.8968636905523267,0.12888304102296083,-0.2808053356174458,-0.7567262737167099
-0.5182610667356421,-0.17035286877132538,0.0022092082184275164,-1.0,1.0,1.0,6.076451694112988
-0.4962282601573822,-1.0,-1.0,-1.0,0.01734868295584502,1.0,-1.6202381546669855
-0.8790952993243686,0.21340444693427407,-0.1768083717172676,-0.5842700839350955,-0.30023511305917266,-0.8644488237881018,0.4794655878093649
-0.7687748577113034,-1.0,-0.26945496045511397,-0.19676838824893106,0.30022632396190113,0.19541553584432744,-0.3992687487474977
-0.1803688793446165,0.04719947679513681,-0.3564177737525805,0.43017136509733306,1.0,0.11536632504091851,0.4083506555522124
-0.38967361630545877,0.22577486753631248,-0.18890301760916184,0.6720587768021407,-0.7682898214971395,-0.5042895564186296,-0.9692580824502185
-0.9311953483284556,-0.4640668786826031,0.8042771957348529,-0.18603099836998485,1.0,0.4082043053866617,0.01648471608017607
-0.9643946422698005,-0.07111002535817401,-0.7393477829328639,-0.09249841052094715,0.30673946006107816,-1.0,5.637414043998534
0.7052758460356003,0.34713482962402853,0.191425831443431,0.6766959760762891,0.15586013912039842,0.07763418064696004,-0.48439456377145573
-1.0,-0.7204497492070181,-1.0,-1.0,0.21338459950086636,0.39931400279381696,-5.116483583560793
0.018242300015558044,0.4274331948815108,1.0,-0.3011639684049168,-0.6350216457325408,0.33992045520185304,-0.9037087354663167
-0.20865444976847358,0.24473866184516435,0.5731320837399598,-1.0,0.7120321687566666,0.24421482189056232,1.0118969888770393
-0.4301221939498476,0.6483500895075759,0.5302499282921631,-0.5606782980142687,0.7310171715244842,1.0,3.4603230118302677
-1.0,-1.0,0.8971692112405996,-1.0,-0.7417868517751247,1.0,-3.7555464062421056
0.09145516926317049,-0.7766479875815419,-0.6521491029926557,0.08080479951304731,1.0,0.29974978709825406,-1.7115737347489426
0.6615857838895393,0.15507605663014035,0.5070168521353138,0.8044233434983252,-0.35444192765899124,-0.9952823996427888,4.969437216682539
-0.4790492222677357,0.26520276923081026,-0.995179661545543,-1.0,0.08583086130517059,-1.0,2.8027496162456056
1.0,0.537616890593777,1.0,0.924452535054286,-0.991978073602768,-0.4136309931459534,4.573980620028142
-1.0,0.03832467905921774,-0.6783302567614238,0.12073357119741612,-0.95398821124735,-1.0,0.32842360365839773
0.3604690974900788,0.9573099644036531,1.0,1.0,0.2612652421302626,0.22783939870771963,-3.971138805625983
-0.4195683708138419,-1.0,0.029488776363928937,-0.611046963585933,0.7017209328395947,-0.46417488520926276,3.027743791574102
0.2728629365483627,0.6626162737741951,1.0,0.5279145133460641,-1.0,-1.0,1.338107842846858
-1.0,-0.6936296274108764,-1.0,0.9889845682814573,-0.2657727558327328,-0.4069170003490075,-4.549847218709569
-0.06052637205454861,-1.0,1.0,-0.9015399011818467,1.0,0.15306602355589732,-1.2616188775886343
1.0,1.0,1.0,0.22170849930775582,1.0,0.6912890433359773,-7.130895683832972
-0.7872434133284223,-0.8777178847185467,-0.16404454030865034,-1.0,-0.3543720498984425,-0.1463416131497335,-0.3620390914381332
-0.4595208288054393,0.3300300510893028,1.0,0.30946804073749856,-0.4879943640499693,-0.6360593267834562,1.1937799457049767
-0.34053979892758357,-1.0,0.09491741338730064,-0.019737137929725868,-0.6363788342275172,-1.0,4.320127556108894
-0.5631405315640847,-1.0,0.37037063197416364,0.021997320982567917,0.513553397050514,0.773538331210545,2.234327145295543
1.0,0.2593638258358365,0.6331420881687905,-0.5905186577783366,0.36374207911885464,0.9492930884278553,-0.24880305443650838
-0.5957965183304201,0.7350165702648285,0.9428470053076462,1.0,0.4765586318240537,0.8926054407626085,-4.31426096037325
0.19097225310491192,0.5052524039061503,0.45969914276201485,-0.5732308064359781,1.0,1.0,3.656916197005294
-0.2633024040730296,-0.3722766021281443,-0.992654127784619,-0.3344476646702585,-0.9319379234365102,1.0,7.338147805975267
-1.0,0.14252856395112457,-0.44693275008886,1.0,0.38625149226512423,-0.8536281280493667,1.7863838778119645
-0.5386346106386064,0.19788548556857505,0.9491530915945718,-0.3129251448104945,0.944822880564905,1.0,0.4443657283878148
-0.2816517198292936,-0.5188600038187132,-1.0,-1.0,0.4198556367559604,-0.8901826534999541,2.5964807062118527
-0.8932295563901523,-0.18070850820802037,-1.0,0.2279400142117013,0.35849039738208943,-0.4499019369964924,0.8454967712494987
0.3615008290821094,0.8163345702317172,0.05162782762693072,0.5027729942076398,1.0,-1.0,1.070584016129982
-0.24180503176680884,-0.17158765763530154,-0.47678555753877294,0.3689429252273714,-1.0,-0.09153367612189844,-0.33663397914710785
-1.0,-0.4292478968198546,-0.7607325322944507,0.552967360723949,-0.2963075555239333,-0.5842312113363906,-0.40527302425098954
-0.6411958286981536,-0.7823589270477032,-0.01556533475004418,-1.0,-0.1895481014710024,-0.7236801630534935,2.1314623123157315
0.6706726069760577,-0.26712319638630094,0.3634731567159231,-1.0,0.8581909882257321,1.0,-0.0911803862472777
0.035207840197489126,1.0,0.6602457972904868,1.0,0.945764962934113,1.0,-2.119124489578792
-1.0,-1.0,-0.6025381951483056,-1.0,-0.24186434201294782,0.2361036381825346,-3.506607976407706
0.7289067032708658,-0.11547446879289686,-0.7898116518556286,-0.9844836420727423,-1.0,-0.7827909067264007,3.6884485437724797
-0.2667845709448621,0.17036693289252108,0.8522723593979291,0.6697808541911141,-1.0,-1.0,1.6413077244458836
-0.8687916841227596,-1.0,-0.7581953422974189,-1.0,-1.0,-0.6506683173837045,1.5401413745976202
-0.9816173130404697,-0.3178759254248527,0.49988860557296105,-0.1657103367130746,-0.16506018309959278,-0.8846768307234506,2.2262866113166533
0.4477149814746464,-0.4867488727332893,1.0,0.5382846675324202,0.5457902704788473,1.0,-1.9951978392605372
-0.4456100021584679,0.008423372192147338,-0.054738643816881594,-0.7484653430060972,1.0,-0.48736341774266645,2.1200437706440325
0.21197392572415819,-0.16122150023341542,-0.1857361541275675,-0.6199350943097524,0.6743743383195862,-1.0,2.9798447817249767
-1.0,-1.0,-0.40897331310333207,-1.0,0.7559226842362086,0.17148524658401576,-0.8263044414856896
-0.2176983546528405,0.4221868224908707,0.88614090983465,1.0,1.0,0.5717268941268949,-1.7460777553636024
-0.5858017017218003,-0.7832079635541402,0.28134791886369315,-0.8418408030827771,1.0,1.0,2.5235973213930607
0.17253142843919816,0.3328015526617962,-0.532805014474469,-0.43748020645756736,0.7160012100359789,0.9914132856118139,4.594478666972243
0.20401485766728977,1.0,-0.39354440030103655,-0.04441363222301742,-1.0,-0.3330036926654009,1.282584827086768
0.6915017464984095,1.0,-0.5294390511856111,-0.34892906787650824,-0.31386924871714417,-0.013584946372602102,1.8340335369658682
-1.0,-0.36937012520472434,-1.0,-0.26688409632870513,-0.004515233382860417,1.0,4.837532808186166
-1.0,-1.0,-0.6415660108007402,-0.5157210997807016,0.688240735936305,0.7274802845092687,-0.9008886543438462
-0.0823069468827444,1.0,1.0,0.5563699955736583,-0.7360160907673078,-0.7397750954574728,-1.7981579743165579
0.25822187094003235,1.0,0.8232613319138506,0.7397019372114757,0.7354658087026947,0.7533199738063244,-3.1851595617508237
-0.9533752741550114,-1.0,-0.5285093061127719,0.36420208397000364,-0.16376836016375623,0.05186045814143614,-1.6820030707384448
0.5596062524879291,1.0,-0.021507610147925488,0.8084820212741527,0.21188606284220549,0.5111733606127604,0.08478821699298322
1.0,1.0,0.5989727620444865,0.414510856539639,0.47333351853782646,1.0,-1.4664066467701053
-1.0,-0.7792441944211679,-1.0,0.8788185388954315,-0.2936999593396621,-0.263163767892161,-4.776581054365382
-0.11787357127769793,-1.0,-0.9452806635365294,-1.0,1.0,0.9343626343480655,-1.4830165131098323
0.5970390757121677,-0.09099617982738112,0.7292107315696508,0.07550271647615589,0.48572322222152076,-0.47361198082773853,0.4587947415449695
1.0,0.8413099614483053,1.0,0.08623791221756028,-0.5414016081844168,-0.16579168820237872,1.805494910560543
0.11382920253131168,1.0,1.0,0.1094133636234948,-0.23457541591282915,-0.16804609302640106,-2.2473740355259704
1.0,1.0,0.5576738237954082,1.0,-0.021656509521492173,1.0,0.35782852741799986
1.0,1.0,1.0,1.0,0.46114693363626513,1.0,-7.263666615858825
-0.46190462976150853,-1.0,1.0,-0.05702797757962719,-0.5208523110390182,-0.19460318960642525,2.909269553654152
-0.040311595968514746,0.8873519891118672,0.5583669856454246,0.10700233876518579,1.0,0.5823459931573851,0.25930835876494934
1.0,0.2185537894633268,1.0,0.43999932241139106,-0.35845314994377064,1.0,0.2928188521991433
1.0,1.0,1.0,0.5802411573005515,-0.5218428096780693,-0.2128783143028704,0.9278419101499895
-1.0,-0.460097290388953,-0.5681182455081726,0.19593628832359133,1.0,1.0,7.6155744356130155
-0.7864599911621695,-1.0,-1.0,-1.0,-0.1123693982684345,1.0,-1.4663719808587974
0.9934758758432971,-0.6803275380507263,-0.5083164871062545,0.10462532718854217,0.1986478222960073,-0.005150775961425436,-1.477771830318296
-0.39505694138891667,-0.2075574345165938,-1.0,-1.0,-0.47453176852047296,-0.028702852245600985,-1.3510618983505485
0.10938950344458642,1.0,1.0,0.6660409723046432,0.3358802232303522,-0.10941565770808398,-3.496874059149499
1.0,0.06285328783627686,0.5062663057567875,1.0,-0.6170852727542676,-0.575808139308865,3.690788415561414
1.0,0.5705795787962036,1.0,0.8723443358570235,0.36027283210031275,0.7172048619969538,-4.815272375930007
0.19116331220341704,-0.6378958843547156,-0.9640820340555053,0.3368400138341723,0.009290998401396633,0.6088144689100499,2.2791180918615916
-0.27150545131916215,-0.3373012901920054,0.10680429979106987,-1.0,-1.0,-1.0,3.8739966304715328
-0.5373113100709823,-1.0,-0.7346997176197758,0.2936957489468748,-0.1909349844235717,-1.0,0.5607873827710034
1.0,0.7597482007993881,1.0,0.30201090152819376,-1.0,0.31449006985253736,2.1100715842454782
-0.8743453714855116,-0.9915878456827537,-0.11710857224209108,-0.7148958962141678,-1.0,-1.0,3.396297938059715
-0.6219990824058415,-0.36311050149889934,-1.0,-0.857902083867618,1.0,0.3890579428828473,-0.5238880140870473
-0.056147083246768426,-0.07088471267094931,-0.43096872324996305,-0.5709627222312255,-1.0,-1.0,0.47798760438647236
0.7576940439318333,-0.8725248454724606,0.03989387150531054,0.7015080306451804,0.8168578087508068,-0.8862597483720321,-0.3424893461216604
0.10783157373114738,-0.1826969039056544,-0.7200403983074141,0.5005258748630326,-1.0,-0.9184253363620645,2.1024931748412428
0.1236049812148925,0.24619129186162025,1.0,1.0,0.4837259480834579,1.0,-2.1318606701939187
-0.08172184674758531,-1.0,-1.0,-0.016461867377896677,-0.9439586220343823,-1.0,-0.2605433298868559
0.06618178021341603,-0.8099381438619373,0.8167742349345463,-0.4481613763275414,-1.0,1.0,2.6307922915468143
-0.9151955667463959,-0.10456080371369586,0.9081735449502777,-0.5681984844961303,-0.3745465221312073,1.0,-4.014694445708294
1.0,0.046158035063227076,-0.6420465115085829,-0.6835514662836719,-0.8351656633560965,-0.5442980987151151,3.6021235010164876
-0.7915038566313533,-0.06343279369994792,0.16344927327081127,-0.969590031446828,1.0,-0.5600483337963339,5.764200116036037
-0.5596382095390942,-0.04220562716734666,-0.25977098553201183,0.5061988039517038,0.6895277306705733,-0.8093578317739605,2.4009376956920705
-1.0,-0.9169388540820637,1.0,1.0,0.7395604914431335,0.016754844050721696,0.2569328482266475
-1.0,0.003633057287652175,-0.3478306236985474,0.7132660875730652,0.6897463665609267,0.009848816173705654,2.158138817083631
1.0,0.8429528763069432,1.0,0.07969513791239113,-1.0,0.03730721207525023,2.9723293366907813
0.3307051569470222,0.3847332503341643,0.46834203636942723,0.7380626794756034,-0.5796684672820935,-0.05416857904662842,0.816178375598503
-1.0,-1.0,-0.353858924562916,-1.0,0.2759118552955514,0.0876136352524638,-1.9627838249741023
-0.9195099065343041,0.27841500446455564,0.8640274796639428,-0.17102805302051338,-1.0,-0.055197111817250066,-2.4533281856858453
-0.9964962300797993,-1.0,-1.0,-1.0,1.0,-0.0446340582179891,-8.018955900625635
0.133852217242572,0.06558794509582544,-0.17904784367443816,0.31936344801568206,-0.9344286046574606,-1.0,1.5028790024681233
-0.07378907364959277,-0.27195872925184655,-1.0,0.5785557590884585,-1.0,-1.0,0.8921873628838595
-0.05677727508774305,1.0,-0.6472405530281233,0.15697574367666223,1.0,1.0,10.179846842177191
-0.9839368073787391,-1.0,-0.86428705369613,-0.4132863603943767,-0.30196983006093125,-0.9420664301476325,2.8582794269616736
0.22143132114237163,-1.0,0.2651493760184614,-0.6621608681720925,-1.0,-1.0,8.712034087520657
0.7241713236002584,1.0,1.0,0.6257725768891078,0.3477764553157442,-0.1610710353532259,-3.742021429334195
0.7833896080206675,1.0,1.0,1.0,-0.6946114818051305,-1.0,5.8190683153492415
0.8906186233058522,-0.5375305418717058,-0.31894556925838907,0.40539725163728124,0.9284729286920939,0.8667395855196334,-0.7096591296147945
0.4588210696492723,0.10476594334247218,-1.0,1.0,-0.801660466618181,-0.5514340435840214,0.26033884885056857
-1.0,-0.3934710375491719,-1.0,-0.04607234255757975,1.0,1.0,7.567132925568976
-0.0058578636146982,0.6025086131489243,1.0,1.0,-0.611584659450031,0.4645817934145612,-2.6246052896544634
0.589164623086193,0.7714596323497409,1.0,0.22988371971148747,-0.5872964578625326,-0.7537284183024329,1.8805613590541417
-0.6769644314647137,-0.011577977993936284,0.7967659800736544,0.673080915767713,-1.0,0.41763126579772775,-2.583567408596345
0.16028778570824342,0.4630355426550897,-0.9659204037009109,0.5010709981848289,0.09319754225667404,0.25903698952170084,1.040399921517418
1.0,0.7689564583987016,0.2746019067036274,1.0,-1.0,-0.04956661589189193,4.452302456872747
-0.607003676820667,1.0,-0.9086848550644905,0.2113121476647618,-0.8207592878298885,0.038359018286856394,1.3709578406274658
0.8624771287825209,0.16592215033319735,0.8922363398340546,-0.1361215835850941,-0.5554950113863772,-1.0,5.2416231396713036
-1.0,-1.0,-1.0,-0.814844730584432,-1.0,-0.23137118887444286,-2.0680745189639804
0.4500591892504482,1.0,0.13405893671086355,1.0,-1.0,1.0,5.191501245605836
-0.19860002768975726,-0.41897279245888863,1.0,0.18694306321608123,0.27768038709875287,-1.0,3.8351712370609676
0.41299001392379564,1.0,0.028830866129970323,0.3333190192854978,-1.0,-0.9651267544363255,3.7658531783838307
-0.20314238691133601,-1.0,-0.1283619545304302,-1.0,-0.8927279425362842,0.5008969271104267,3.1883293761063527
0.11952982467601936,1.0,1.0,1.0,-0.4564908927781217,-0.300426061431188,-0.9377482578672584
-1.0,-0.3928886539189893,-0.9828440920203689,-0.4245198483245338,-1.0,-1.0,1.425539516870762
0.08227217231807926,-0.1719648503491894,0.8082731599194332,-0.5216467633210197,0.7601627994819788,1.0,0.4186158856771429
1.0,1.0,0.13129012067030144,-0.1587143448807926,-0.848281845124531,-0.01644006916511276,3.1711759400140354
-0.6172224382074383,-0.5207134254815214,-1.0,-1.0,0.8745422676136164,1.0,5.3704880469987
-1.0,-0.7269671607925984,0.16068068288715603,0.4650924859406597,0.14056268565831603,-1.0,3.7071832919604564
-0.08886636388095709,-0.15670565399599856,-0.9797133022290664,-0.1891135093517543,0.7234333994898693,0.5040123687787945,1.4232985234462099
-0.08445965232096753,0.022690343096721355,-0.11192066561833758,1.0,0.12852978332253262,-0.37800933291370875,0.24008018481674823
1.0,1.0,-0.23487332737414846,0.21829555010806256,-0.8775677427662474,-1.0,7.4826829183089645
0.9720065193969325,0.5594098364651047,0.0247031828155454,0.6356985069949286,1.0,-0.33324933620949115,-3.1958738261918116
-0.04217886442666807,0.35862052951420953,-0.9422212346090667,-0.6508873881013086,1.0,0.8614951963242217,6.553133187081798
1.0,0.662464678348391,0.6827126111336108,0.08889519959450021,-0.5116225929479333,0.28055621845307216,1.5615418008374982
-0.5301089477862226,0.6814827839549366,0.6337401556934901,-0.5075864557476117,-0.44431309214289083,-0.9293641368789451,-0.6625155318721678
-0.0922890204403718,0.5322893914895331,-0.9131391382289762,1.0,-1.0,0.647476900179631,2.2911644215581464
-0.004946066352403994,-0.5696853535208404,-0.2725779287721493,0.19963013745991454,-0.652674423060269,-1.0,2.193839650687127
-0.3221711067782911,-1.0,-0.5760322887329747,-1.0,1.0,0.1332548199454038,-1.6250475925948342
0.07997127163451964,-0.010904729273130354,0.6424041189815328,0.6603533470275096,0.8434584903361779,-0.14526006820521786,-0.46893363914137687
-1.0,0.3701719209219295,-0.4390657716031583,-0.478576158978295,0.9711597936920221,-1.0,5.2697699233454145
-0.2750686116152966,0.3367935624596261,-0.1470189485947031,-0.5496595055919917,-1.0,-0.7769994353980367,-0.9750491196986105
-1.0,-1.0,-1.0,-0.7258139863105362,-0.845883032959922,0.9946908923092821,0.5998165229698579
0.7249725629610232,0.5398317447961796,-0.15111294610714898,-0.19141785616370918,-0.584047600739017,-0.5365778845270113,2.0096985947268156
1.0,0.45968573190215184,-0.047952436583572206,0.6101144602814741,-0.8136508315362917,-0.23455682408794187,3.737935728919086
0.1892395342719324,1.0,1.0,0.2833374443418648,0.7382419467356268,1.0,-3.0235979002683453
0.7280300690834473,-0.8970012998651444,0.6695819558556659,-0.008904930239744327,-1.0,-1.0,10.550383126519419
-0.032935830956853596,1.0,1.0,0.20312611986901485,0.757451511400264,0.2749992609911962,-2.552707203616896
1.0,-0.2738970396500391,1.0,1.0,-1.0,-0.6025135477058383,6.528708063027673
1.0,1.0,0.30997787181584735,0.8487270462070153,-0.6665562589646932,-1.0,8.363511794865653
0.42818197959108795,-0.7720196463592763,1.0,0.3642660364074899,-1.0,-1.0,4.946133459330842
1.0,0.5865443846763482,0.17264228360132916,0.39558004241105316,0.7139094855596961,-0.2858555395418757,-1.3910970838890204
-0.7056021760753716,1.0,0.7236961682197687,0.9831109999661216,0.9793730860493757,1.0,-2.310287573089765
0.601834195786431,1.0,1.0,0.6933627918685834,0.8438395864928223,0.5042418345371631,-6.242056326098063
-0.3616371300077228,-0.5432434675808049,-1.0,-0.6540071835632464,-0.5744026056413517,0.8278381439580311,3.8412609369418513
-0.09549065747061514,0.4697236133859257,0.51567679076303,-0.2759388022514483,-0.9310432245335782,-0.05404925376383107,-0.5036569831899292
-0.340145040568984,0.5620267630926596,0.0892982617980651,-1.0,-1.0,-0.42706813378632247,0.9848077982780258
0.5708941304954691,1.0,1.0,1.0,1.0,0.9888208276807033,-7.8760565929845185
1.0,-0.3233551495792427,1.0,0.49917970426623226,0.5021060843664666,0.12800802488439367,-2.206340611126511
-0.5001935790353038,0.6125544674269738,0.601979124476696,0.38261776971215566,0.06985971587728779,0.44139182205003813,-0.5527931365554555
-0.43413526496428734,-0.3310023785969016,-1.0,-1.0,0.009764771829689156,-0.715414786356281,1.1394432782818267
1.0,0.7750744667624667,1.0,1.0,-0.8101762737750018,-0.11446436158932238,3.702904959542135
0.1984307650174042,-0.34805307328538326,-0.41948456173646004,0.37113128603738643,-0.8898091124316905,-1.0,2.985503463266042
-1.0,-1.0,-1.0,-0.5588628219970511,-0.7741031103263425,-1.0,3.3701285043521265
0.6508320736097348,1.0,1.0,1.0,1.0,1.0,-8.176298708574441
0.6660339305744869,0.48723623550666517,1.0,0.35321706749916393,1.0,-0.02294437576758744,-3.1227542953995435
0.030489553156626284,-0.2243173763813311,-0.7858637761427898,0.4842487426173685,-0.19401093415660892,0.7348653810198388,3.3072536011143345
0.029859390179077863,1.0,-0.6569270939684839,-0.23987987383004056,0.6879552634434896,0.6632669045575188,6.352553768272213
-1.0,-1.0,-1.0,-0.915838259199433,0.21160087495369895,1.0,-1.7128023016094962
-0.7343654145781575,-0.04190773031035433,-0.8166634958093466,-0.19499475542094313,-0.08829777727556287,-1.0,4.1543693727467215
-0.4419755503558467,1.0,0.13760771562102134,0.6622774271629108,-0.34527279974830627,-0.32956410694455474,-0.24150742586394636
-1.0,-1.0,-0.8654482787413782,-1.0,0.019350021214905033,0.12486419814801208,-7.0065725191676265
0.7340838483241183,1.0,0.8123977573230381,1.0,-1.0,-0.09420849568587175,2.8530465820923654
-1.0,-1.0,-0.044609772572304696,-0.6852298225301189,0.764836499759775,-1.0,8.253235298017437
0.8131323863884721,-0.510494240309114,-1.0,-0.5106904849881705,1.0,1.0,-1.3716183998089237
0.9329798390593922,0.2733327359800972,-0.9793860864320543,0.8156152692196604,0.5109523995295626,1.0,0.8355180816711085
-1.0,0.11613543994106074,0.537999263198822,-1.0,-0.8344594141881236,-0.4528314705743459,-0.4885191458954391
-0.5783480291735698,-1.0,-0.5226278387769452,0.17533883244818949,-1.0,-1.0,-0.5475237547780993
0.14499120439911228,-0.4699849565293623,-0.10702491506180956,-0.7946758872578464,-0.08009938362168795,-0.31124230155987553,-0.15427932293835256
-0.05132877828335938,0.6528806884029125,-0.668612843389019,0.7649757834598064,0.12020698060164348,-0.15731742305456622,-0.3541723155592098
0.7395158938670019,1.0,-0.4265209853535201,-0.5410393581557885,1.0,-0.07534391819528091,1.1338949097376267
0.41907946433737964,1.0,0.7567429848245437,1.0,0.20926731659436454,0.7154642173212405,-3.74408682467355
0.3075398882610483,-0.49626689034651106,0.711619102196701,-0.7696973188811811,0.04269601918768284,0.5338582594904598,-0.9354260255223182
-0.5536092033542133,-1.0,-0.9883533102465825,-1.0,-1.0,0.3725682022119834,-0.6680834741255612
-0.7363465603319145,0.4354161297433401,0.23043130996244576,-0.3780010377241974,-1.0,-0.5930387757988365,-1.6694410322692823
-0.502779891967685,0.11945702922699569,-0.3626136569334919,-0.4866968761966519,-0.253743824257175,-0.96729506605958,2.1141439038211978
1.0,0.03624583544020893,0.12368241264906304,0.8209032011545837,-1.0,-0.33229817263779715,4.12304374133881
0.2462198826091645,-0.8711708378367492,-1.0,-0.6649890431044487,-1.0,-0.203435317675688,1.8564749868517738
-0.31480746745385557,-1.0,-0.09470566433158045,-0.18275924532686133,-0.3592158606957876,0.28393968703381683,-0.24152673299511795
0.7656579703887194,0.2425496816954324,-0.44925371033122313,0.49794083604034767,0.2833028198823824,0.7578784448292603,1.6752174302291722
-1.0,0.9203737963926879,-0.7288816513764944,-0.4587298391326855,-0.12656237687166727,-0.6158397538279623,1.2526819110624536
-1.0,0.7837083841784142,-1.0,-0.8749082564891639,-0.7812380653994832,0.14410139319949422,0.34963104548175394
-0.6013917653227434,-0.9702994943615055,-1.0,-1.0,-0.6580613738501032,-0.7395913776765841,0.5848932482528277
-0.6402122647968029,0.9038450579541708,1.0,0.7369856240390924,-0.9171622832981572,-1.0,-0.1421366233086302
1.0,0.13880119130478263,1.0,1.0,0.038417177644818556,-0.1738726206390794,-0.2396122991520295
-0.29511132275920715,-0.852222274758677,-0.40264461818140274,-1.0,0.5468376501061926,0.8935117519435629,-0.667295030079278
-0.7401098337409691,-0.4780962889091478,-0.44733254026750846,-1.0,-1.0,-0.017011977730222227,1.1718768848938483
-0.7372086395184321,-1.0,0.42575200556378,-0.16764549430459985,0.7912595989854629,0.4441879883805121,1.0377163102500466
-1.0,-1.0,-0.9307845038919251,-1.0,-1.0,-0.16878974050904283,-1.6216047412583074
-0.3024690936553996,-0.9846105932785516,0.2952861774807116,-1.0,0.16667267383901074,-0.4777211199011042,2.8889000542189716
-1.0,0.0014900759052849932,-1.0,-1.0,0.2570610580368704,-0.44100204129964143,-0.739896287926492
0.7654100046007642,0.6525890099004462,-0.8566228014214773,0.16351270293269293,-0.3019847676336276,0.9085682920260978,6.059282724617167
0.016836809832400546,0.06456779247384176,-1.0,-0.08539487105821353,1.0,0.7997423955177889,3.8858543185333523
0.5542697798821461,1.0,0.6314606405919394,1.0,1.0,-0.5137224535203946,-3.6685126941620223
-0.1736514329728025,-0.6254690247146208,-0.9970532541217976,-1.0,-1.0,0.7697135015756085,4.585602400078276
0.026553326498996638,-0.024222384478834364,1.0,0.48341080764241745,1.0,-0.2690982237535027,-1.1934459918843077
-0.5907791043985202,-0.8845337461003864,-0.2591910958220103,-0.7691373393301508,-0.5726299786661203,-1.0,3.813204754323963
-0.4658091252422703,0.3283765093674633,0.3244604606251451,-0.2422099068355923,-1.0,-0.315492622822081,-1.8759979523902433
0.1867468611881943,1.0,0.9848281042604328,-0.541664378635424,1.0,1.0,0.04967259720447424
-0.5449141438213372,1.0,0.30821934365678877,0.8258156590229879,-1.0,-0.9553452625923761,1.2494007934732168
-1.0,-1.0,-0.8045001629020319,-1.0,-0.4704383328320782,-0.2331136294507533,-2.4659624459074445
-0.9600139522836882,0.2496593995301589,0.9674763483966704,0.5518282836090003,-0.0060284902110410155,0.6385375593043918,-2.3828753814214085
-0.8288847817320799,0.08514149914522873,-1.0,-0.3423826731027993,0.04134138379722674,1.0,8.22166622416195
-0.5036980358390668,-1.0,-0.6642702827910318,-1.0,1.0,1.0,1.039580311430845
0.03922977250206394,0.11567299632639488,-0.08540837981241142,-1.0,1.0,0.7295649631279062,3.772936555271957
-1.0,0.0757984092304348,-0.0033846824310526102,-0.5328794610013969,1.0,-0.0032404519345737015,4.2124847528064615
-0.4063984063115744,0.01767020233768879,-0.38745508908095533,-0.6371808641944186,1.0,-0.13154885926035303,0.875101312314635
0.22218660570991455,0.42853541921328386,-0.9904684228548699,-0.619831608220032,-1.0,-0.859670957422261,-0.44531243207622706
0.7725373517989731,1.0,0.2947248633790732,1.0,0.2747381698781365,0.5374530072317996,-1.447190928317506
-0.5496801381959724,1.0,0.1862200967977618,-0.4120822138418214,-0.937301670944473,-1.0,-1.6647087158747371
-0.023601966920917372,-0.3201681521426026,-0.2580010970071921,0.9417855734049918,0.2608246024811535,0.32271884672329915,-0.11660388895653967
-0.2773909625581909,-1.0,-1.0,-1.0,-0.27861258114802734,-1.0,3.2809359591153338
-0.9571824940106446,-0.6682411137875538,0.08412310296518921,-0.6062056329746449,-0.793764714693085,-1.0,2.2385719274889078
0.8605644149987107,-0.0570871728329716,1.0,-0.6398015204725609,0.34629455643467677,1.0,-3.917013469364331
-0.40591547570889674,1.0,0.8672315647865576,1.0,0.023647568055204737,-1.0,-0.34108769620876894
1.0,0.8993276148903364,0.8995855712063578,0.9556684299927529,0.3766093086624777,-0.6416508881369216,-1.0587980274713105
0.32819728769963363,-0.7423809726455424,0.9976479977284387,-0.5944432362224756,-1.0,-0.5825927948778178,5.962622224789877
1.0,0.06705706830660785,-0.08916047558103639,0.83482823519101,0.6282503954885652,-0.33197962919344115,-1.7310457967061867
0.09430132905568189,0.23176257874381484,1.0,1.0,-0.3563167239098549,-1.0,1.9232689349636634
-0.7192811923652253,-0.1227988008819112,0.26721036838163426,-1.0,-0.36898049440628977,-1.0,1.413398934075855
-0.2656673992849447,-0.416055456231791,0.427709355241653,-0.14238777977206135,0.5865778310323329,0.5389424806049968,0.8252360471774873
1.0,0.24593154779294446,0.07431418564076941,1.0,0.6405376551689723,-0.726849658456983,0.01431237576209643
0.7296558903965134,0.26997099364041066,0.6257989231528183,1.0,1.0,1.0,-0.7216780569536434
-1.0,-0.16143911698677993,-0.03291835001030802,-1.0,-1.0,0.7463618626383283,-0.09707660773438115
-1.0,0.16334916949323364,-0.5228368089302438,-1.0,-0.6144225919712742,-0.765415878698989,-0.6016904222117707
0.28849458915445325,1.0,0.9566102456274161,1.0,1.0,1.0,-5.896905031504309
0.5525889422805432,0.7044185517560754,0.35723842543200934,-0.36469235610907436,-0.4820599957043866,1.0,4.534726684192225
-0.7853767103660708,-0.4382320940232064,-1.0,-0.2944019942754068,-0.6697584417834019,1.0,4.701059803794294
-0.3888378955234715,-1.0,-1.0,-0.9785318904865263,1.0,0.14850246189902297,-5.686301881480258
-1.0,-1.0,-0.1748598718086105,-1.0,0.6533500485176762,-0.3321581627667005,2.0575666277005937
-0.6288014390103206,-1.0,-0.3825765883981392,-1.0,-1.0,-0.12237393565732924,2.2005459648545362
-0.676431562623529,0.25676675987201236,0.1836294971660843,0.055082479902519244,-1.0,-0.07941681565969416,-2.1489384851709286
0.9872577082825909,0.7448980233603235,0.20807645484340614,-1.0,0.3111726400425758,-0.14247169132222248,-0.08816330521295068
0.8667856371899474,0.8139654611436156,1.0,1.0,0.4739396893961445,-0.6806603960103731,-2.7940256021973364
-0.527925175965165,-0.15590851480680845,1.0,-0.8301879825370471,-1.0,-0.2832619294500832,-0.5661083308427501
0.667453910063012,0.16375078661954112,-1.0,-0.639546023597295,1.0,1.0,2.6285189865369434
1.0,0.5919794596629152,-0.22289016701185507,-0.2774174920317349,-1.0,-0.751933305786352,4.138866737383898
-1.0,-1.0,-1.0,-0.9818106534051911,-0.6079822744488479,-1.0,3.4088388234487454
1.0,0.8477525430343259,0.0510964145678765,0.314316113579177,0.4281224350366061,-1.0,2.4491115309232776
-1.0,-0.7595943055915331,-1.0,-1.0,0.37815645868956227,-0.08061874385137746,-4.633059691288625
-0.5473818647050246,-1.0,-0.5786022328341185,-0.7986854023661638,-1.0,-0.7743782741994876,3.2871178018490674
0.27197080691242026,0.2520250549208762,-0.637224376669355,1.0,1.0,1.0,5.448870704438269
0.6011662839946992,0.7873819462679543,1.0,0.4004540540792596,-0.826407465956279,-0.05211024277577329,0.512520973459673
1.0,0.7625124451004317,0.46023971051475804,-1.0,-0.0565962484696374,0.6799979468988542,1.808701772857426
-0.571345911837281,-0.15772462350888117,-1.0,-0.5757834713109837,-0.5075456744081814,-0.4800863781482484,-0.7584895004097916
-1.0,-0.04896195104751755,-0.9227397986417674,0.43499460177607796,-1.0,-0.8375919629350619,-0.5370202876332932
-0.3915647391949235,0.12958877964533816,0.6732909245144405,-0.4801072433011937,-0.5737992537431473,-0.959533843843408,1.049665258981047
-0.8994614023173488,-1.0,0.267737515085972,-0.708640503279887,-0.12730548991361662,-0.6075695575342426,2.113414643088872
-0.6424381074707797,-0.6717889810303188,-0.745021259757686,-1.0,0.25054153397362755,0.19827660065370112,-2.409076572553381
-1.0,-0.966786635734983,-0.8647726577152388,-1.0,-0.8309826581512187,-0.08661917004264885,-1.9926779719325447
0.4605131728322869,-1.0,0.20546922253437086,0.5084970178584639,-1.0,-0.0886615551823754,4.440736408304399
-1.0,-1.0,-1.0,-0.12161752471324894,-0.27868510967814775,-0.868857208545168,0.8302405473155386
-0.16111857025743836,0.12236330329257444,1.0,-0.19804260515672611,-0.5356460145024733,-0.36622485866443166,0.46134192162967397
-1.0,-1.0,-0.7692917632425051,-1.0,-1.0,-0.08083334205936277,-0.6642769062554102
-1.0,-1.0,-0.6091099205790589,-0.10965014352098312,1.0,0.47074099548389536,-0.06649906863449545
0.6864839503958379,0.6843534759387255,-0.18343906429077972,0.25563710452262656,-1.0,-0.03218469545498481,1.6380081714320722
0.5171447627691166,-1.0,-1.0,-0.32435175503409147,-1.0,-1.0,3.7093414587819242
-0.7415351629010725,0.011739000609618189,0.38226200355285456,-0.24699656934969233,0.7050306762943817,0.8401651504866028,2.5459499401674988
0.2503556313860076,0.12854527417885273,0.03338660675086946,0.7247721887270184,-0.06179706867323298,-1.0,3.032377578368562
0.38798807815712943,1.0,0.535886102090267,-0.6232253374605286,-0.3088762075976258,-0.7263190530599937,-1.099442266694099
0.6034999421827765,0.4103130795644236,0.3297587231353262,-0.6171829347082995,1.0,0.3568594266631847,0.01932117963546398
-0.4282733231031063,0.49514982878881014,0.08644090499799707,-0.057710290183341284,0.43739190248512105,0.31844637989365493,0.4110070007372231
-0.21203134823130776,0.6830582252628526,0.20650922154988616,-0.1422659097429949,-0.46359341327979814,1.0,3.529583003991269
1.0,1.0,1.0,-0.7147887021953528,-1.0,-1.0,2.8855441369345414
-0.6086749210748331,-0.5922317866485647,-0.27676248262962777,-1.0,0.22281580947903776,-0.40226381151181745,0.5546223803513751
-0.9256891223890196,-0.585419425624327,-0.34119602999477827,0.8061224101686802,-0.32223100711410635,-1.0,2.3299973692606315
0.5926687118197728,-0.8987031461707982,0.9283233176083023,-0.24996765356467365,-0.6096964135082118,-0.12411282718834005,4.623305993714855
0.49449034056309205,1.0,-0.1470403683310148,-0.16583179798426928,-0.2920814600763012,-0.5421241231928118,1.3443097842526188
0.8389912223576358,0.6686177108801339,1.0,0.9044655543458249,-0.5328978185683618,-1.0,4.811113770367726
-0.2658349539439281,1.0,0.054005469565535535,-0.41093065129771955,-0.5876788676578673,-0.47036414597679943,-1.0049636400663686
0.3407798155847244,-0.6405505697551017,-0.621648512045621,-0.4156366774143966,-0.4518117743143197,-0.9112356147908571,3.4763682222718404
0.07188426382887969,0.677920541055159,0.12971124169801107,-1.0,-0.9388816727762268,-0.8562710592878175,2.8767721539597915
-1.0,-1.0,-0.7228806971210024,-1.0,-0.8651806048820738,-0.691554242464985,1.7855417638192428
0.9183145901786721,0.4374036297302944,-0.8723201399654348,0.7291033224771013,0.08806212367090771,-1.0,1.9440346100366397
1.0,0.18404916894398227,0.38231067821299036,-0.05847730634128678,-0.7019007371930913,0.6699444768438676,1.8971650446626074
0.46550647415540164,0.010151239039203896,-0.48884387418445074,-0.4271666060449981,0.22366130108328086,1.0,3.3846079480547178
-1.0,-0.1777053239025026,-1.0,-0.22068250761756314,-0.22857087205575066,-0.41009444986025023,-0.34787269447951646
0.6864033307380213,0.2976580838302699,1.0,0.9303073013727828,-1.0,0.43152044346411855,0.4789096408381876
1.0,0.7657970866732751,1.0,0.7338816631614373,1.0,0.7556106664553018,-6.439534094616882
-0.5984717163533224,0.6709391299220505,1.0,-0.5128912878966939,-1.0,-0.6352988689738708,-3.2163222976417685
-0.3428620928855878,-1.0,-0.5923350524122735,-0.8575163906201009,-1.0,-0.8072703671123895,4.074981328450857
1.0,-0.04935143420553911,0.6077168720732224,1.0,1.0,-0.4900003943263479,-3.614054542063126
-0.9965654874466272,-0.41990769423553165,-0.7657785053851782,-0.8153595701814456,-1.0,-1.0,2.402228010175306
0.02923512425781316,0.9969501788942294,0.6844667392886196,0.676650798690162,0.5063473097822832,0.3483183803559137,-2.2602131609915928
-1.0,0.19380118209860664,0.3353182852851939,1.0,-0.9717233233692244,-0.1641177688644142,-1.2570342223767679
0.46500736076242266,-0.6341656746673539,-1.0,-0.6491901700114683,-0.157499641762473,-0.6995769640723668,0.6456121552800472
0.01841996417682401,-0.4191176144912039,0.2480240418760387,0.9720896422150498,-0.1363341690233233,1.0,3.425468274178711
1.0,1.0,0.7697289353748495,1.0,0.4032825185991272,-0.08775020793854371,-2.876314105403509
-1.0,-0.5480503837343187,-1.0,-0.3603808916883786,-0.13244686813938022,-1.0,4.912822179519331
0.6841777172476176,1.0,0.3670296625570455,-0.07004581116948055,-1.0,-0.3347733637562518,1.5246507191423841
-0.6280455636124009,-1.0,-1.0,-0.6317985083757955,0.40295047044463844,0.09458738944161338,-4.507109822170793
0.05480939372907456,-0.39646224458271156,-0.5361882517480323,-1.0,-0.4657439306863621,-0.31210087083849297,0.795565083786624
-0.699555633985454,1.0,0.5970367341096009,0.7470880187027409,1.0,-0.8291374267834678,-0.4362319125720374
-0.21404637682419703,1.0,-0.10584026056966217,1.0,-0.22142342572972473,-1.0,3.652372133777172
0.23067893022724179,-1.0,-0.07065794321286756,-0.8340933162055821,-0.7379876573688411,-0.7978244805411514,5.301175849876473
-0.20907615093811405,-1.0,-1.0,-1.0,-0.6166480965822623,-0.665686428948215,0.8199418947249867
0.3702919572600032,-0.3930530991673974,0.6579108044331303,0.2755922470853729,-0.711048944745833,0.560823840536609,0.5745631687252972
1.0,-0.3968178154682739,-0.717806998359796,-0.6648405107736965,-0.5893771725418495,0.19927849687789112,2.8296183300957987
-1.0,-1.0,-1.0,0.6203747718405161,1.0,0.7137908429911197,-0.6360287684316255
-1.0,0.8792197522252606,-1.0,0.2696169697415566,0.3241774505563786,0.5962115640131399,6.663034894284148
0.12873022033322595,1.0,0.9180080926174357,0.07644300102137103,-0.2925653650382784,0.6172741965286734,-2.2656638466857477
0.10227812843791484,-1.0,-0.5634256540662652,-1.0,0.5799834096004537,-0.6550830899784561,0.4409175487231701
0.1256086133594871,-0.0002347798293292902,-0.3695376424372633,1.0,-0.6509104527172257,-1.0,2.3840713268725247
-0.03012639736923589,1.0,1.0,1.0,1.0,1.0,-6.039409364274083
0.7455013995965554,-0.3482556863553178,0.5944749386167927,1.0,-1.0,-1.0,7.873413735502398
0.16571145424963452,0.7449103428890846,0.10336304813051478,-0.48626090432361946,-1.0,1.0,7.272019369686212
0.02220724602534413,-0.81887950318182,-0.17787851114399192,0.14604575544042078,0.6237621967642175,0.07626371936478205,-0.13164071419951417
-0.25080214709531923,-0.5861589344173257,-0.5619049405455891,0.015284260249110226,-1.0,-0.06670909138430059,0.3373021999991739
-0.2787526261963521,0.30775844081028725,-1.0,-0.011701210840682874,-0.8838492853186587,0.13554900265714112,-0.16420701583557784
-0.2245090654744889,-0.4818130915565716,0.24870021888479057,-0.5653748754088501,-0.8437282534501997,0.29908534435777234,-0.7679441777691635
-0.824121246108274,-0.40737061760224935,-0.8082778765082033,-1.0,-0.13138351296295542,-0.7166890681042811,0.3208988151325932
0.012836496296222966,0.8750433132766531,-1.0,-0.15164624576086727,0.029438449554133772,0.06652786014495504,1.751385077570845
-0.857058038351207,-0.8942949884038978,-1.0,-0.0061549063811126015,0.4933700829855434,-0.057755509909407365,-3.520258470193425
-0.5998246500156021,-0.68137404425613,-0.3149390978472031,0.8561799341319746,1.0,-0.035963309028689716,0.876892637175412
-1.0,-1.0,-0.11958726816906151,-0.9600816157329615,1.0,0.7775060768752624,1.663093170834561
-0.8088493000987713,-0.15603305363412345,-0.07774739850235357,-0.08276284494794206,-1.0,-0.26438166290255993,-2.6120938972127323
0.7256951509846722,-0.9025787100880036,-0.011197033540821688,0.7327513115110093,-1.0,0.14178880473656963,5.166403732373213
0.8073840149443847,0.37771753578917333,0.024029472931465068,-1.0,-0.6538450799127182,-0.12083041563540631,2.17686444184001
0.6156553868591805,0.8212377838058714,-0.12557995673949252,0.7413034300054505,-0.4677390777957753,-1.0,5.797518428794419
-1.0,-1.0,0.012845178864657192,-1.0,0.8893958357999062,0.6258256830299416,0.07136385246049731
0.8309452240346209,0.02345905968804307,0.06818053383600287,1.0,-0.6370800547128771,-0.43968835759501423,2.528996898301825
1.0,0.7289482825742972,0.3566199654934925,0.43597806573740794,-0.1907311044822646,-0.4421351588193603,1.3689411285308908
-0.07530154079408413,0.1281385713972769,0.19621619268871726,0.8618113770623443,-1.0,0.4564320535687372,0.8422069194527839
0.6428994607329497,0.6963106588887875,1.0,1.0,-0.7856674457081096,1.0,-0.08466522860856573
0.15690777149395585,-1.0,-0.8515624200165307,-0.2223483034312702,-1.0,-0.8170712581375714,1.5383877711052527
1.0,1.0,0.9189656505446246,1.0,-0.5647348899777409,-1.0,7.124374411655593
-1.0,-0.8352134202625521,-1.0,-0.4270955089455719,0.8412577728486574,-0.3679132442823245,-2.282254574147726
-0.12893182823215232,1.0,1.0,-0.07844594996301424,-0.15369121245332634,0.67613663621341,-2.4429746591589563
0.8726089843641425,0.2708579328120153,0.5430568566669578,0.21915541805344663,0.4580098317426998,0.21188563958098142,-1.352224320572752
-0.42891860524210335,-1.0,-0.9235396194376899,-0.6398198410522695,-1.0,-0.8807910687314044,2.278475065237793
1.0,1.0,1.0,1.0,1.0,0.9802331950357188,-10.236896520074538
0.9411140143760106,1.0,-0.4884183648937432,1.0,-0.37088193827783345,-0.1738776279486023,3.702291983044202
-1.0,0.5850812715398819,-0.04764682275313137,0.06758972445778055,-0.2570594247609038,0.9404771808433372,2.0969097927942464
0.5489419726904156,1.0,1.0,-0.5279187468906523,1.0,1.0,-1.182450722209698
0.9703565924127036,0.3317383489030003,0.4689430426513398,0.02916153935770227,-0.8638857074556012,0.20031255725137898,2.352221227573948
1.0,0.18114218395547604,-0.9357286748751258,-0.219089749907087,0.8881252213603229,-1.0,-2.44229210301938
0.35201251557763785,0.7141629849701183,0.36262904632322757,1.0,-0.4606417828121532,-0.42140510283146093,1.7388787658293114
1.0,0.12873764073897553,0.7307903900205575,0.11771432880088284,0.1319443967803265,-1.0,4.338116102655509
1.0,1.0,1.0,0.0855370710848884,-0.09950228448223392,1.0,-2.7744086615683927
-0.8535627926873028,-0.360618387896418,0.8582712982225186,0.9344377525628006,0.9198328970215497,0.3272468084236885,-1.0502900638326458
0.22981255876491774,0.5566875388555116,0.023201489345275883,0.7561082276266079,-1.0,-1.0,3.5162367351648944
1.0,0.4117244671826211,1.0,-0.10526043278076586,1.0,0.02047129355036681,-3.609561471197256
-0.5350270998818483,-0.4867733777730142,0.9150855505125619,-1.0,-1.0,-1.0,1.5411775936563878
-0.054319051987008427,-0.30797832064855624,-0.664239057952251,-1.0,-0.8710302787158819,-0.6111265678112919,1.3159008436280024
-0.1069117199743077,-0.11315649562048291,-0.9064732623111964,-0.0669548637972186,-0.3124474052317511,0.9458557824506884,5.633874659340961
-0.6161472664719003,-1.0,-0.16164528515785292,-1.0,-0.6709004617906658,0.8359420049165195,0.513831733008036
0.21657153793525516,0.08815984067827015,0.023017060518251142,0.35932399033410156,-0.6003941342787182,-0.7215298594029083,1.9078498308634644
0.8001853294500696,1.0,0.6657590318426501,0.687587919242783,-1.0,-0.44894082811035885,3.6241812088123586
0.1572702792562908,0.9698033757039052,0.07803201547241456,0.1310072716528995,-1.0,0.09143414800825195,0.20596194668831652
-0.24968255521322558,1.0,0.6263811558630503,-0.01896890136377194,0.31489380065545336,-0.1559046621213885,-1.1973424961561683
-0.48064588754488957,-1.0,-0.9365695477757462,-1.0,-0.30372912486242876,0.41124807050396406,-4.06475935528499
0.3526285381920907,1.0,1.0,0.42643481313689635,1.0,0.5833715596828966,-4.10690032102506
-0.07580616357413794,0.881090886938221,0.3589884802437868,-0.8755055401115127,-1.0,1.0,7.201121036785366
-0.8679654515863053,-0.8328453393536179,-0.551913464729255,-0.8763355796841399,-0.13708062042980584,0.6739754624226044,-2.891380382156018
-0.7192476229245113,-1.0,-0.6812024229923725,-0.1357408656983452,1.0,0.12881311123282846,-0.7602740091891096
-0.19617579705290444,0.0807794842209712,-1.0,0.1583968004000695,-0.08631678400425546,-0.293343464146286,-0.5018738281799437
-0.09073373963111613,-1.0,-0.329438414186479,0.28611954496606046,-1.0,-0.27936370761026996,-0.767125678645755
0.45845749668418284,-1.0,-1.0,-0.8009125112322882,-0.8069318734337316,0.502987156497885,1.6006761050072815
0.08058123321709654,0.3417299307449229,-0.48323343690975123,0.8456000160069814,-0.42915262293584944,-0.22556835574332876,-0.5427039844016353
1.0,1.0,1.0,0.10484698735139797,-0.44341479122754307,0.09858506147429524,-1.3248040656435562
-0.31554072182133175,-1.0,-0.5883166653949945,-0.41612221812400474,-0.5616087830635266,-1.0,2.7883931470104995
0.1889229752095892,0.5835303334660069,-0.24256455448913514,-1.0,0.9114531471537729,-0.10101518434547918,0.7106758543440532
0.9295223418740264,0.9326647007590834,0.3529826117930909,0.7102648473814732,-1.0,-0.7339694761683913,6.1767634955439625
0.1304448050099977,-0.4993624986353461,-0.41323858069415,-0.7511653905272284,-1.0,0.6581564583062608,3.1439158859523704
0.07472506616618294,0.8312367030017882,-0.20614642812532083,1.0,-0.16574277166371582,0.8180433361134203,2.2292780736040836
0.8234372455963064,1.0,1.0,0.36829329157985913,0.4432169473667471,-0.5110061136573106,-2.218177472211909
-1.0,-1.0,-1.0,-1.0,0.9152731736903783,0.4458565802483454,-7.13165194325412
0.2534606429974686,1.0,1.0,0.7054045999219614,-0.7185915840181616,0.4890236265730344,-2.591995509527686
1.0,-0.7639268612468804,1.0,0.010631394562736318,0.725492133368627,0.7194757488719148,-4.843130224030618
-1.0,-1.0,-1.0,-0.5319354419765543,-1.0,-0.9254454267175054,1.449307507784297
-0.3876406653463145,-0.3064578118637319,-0.4429255515498062,-0.9259134103617128,1.0,0.6068906128556739,3.2930624624090457
-0.41081605189573683,-1.0,-1.0,-0.4870972371793396,-1.0,-0.6948714898632997,-0.5423118536207343
-0.7037655540043919,-1.0,-0.45372419757421123,-0.6779293542630216,1.0,0.16634779385355836,1.0951359887459433
1.0,0.10591735847031525,-0.13955109557463163,0.9908089959686933,1.0,0.4960141604043239,-2.5381105282213365
0.614894669314456,0.4768367187073654,-0.5169249713844819,-0.1601270282766083,-0.15806134754060297,-1.0,2.462152356502805
-0.5503845460904326,1.0,-0.8927954575038368,1.0,-1.0,-0.45958758775145725,2.909221614994291
-0.8190355700109143,-0.33574161851768763,-0.4179800919961416,-1.0,0.5119296792868275,0.11887873660323844,-0.015054856199989364
1.0,0.6314891172454626,1.0,0.7991615257907453,0.791233745934141,-1.0,-3.4253922541341586
-0.25518835208540525,0.14129286039266142,-0.8052828930193794,0.31331480690743835,-0.6749170477185598,0.5720894222258559,1.5493484985706842
1.0,1.0,1.0,1.0,0.43465671329865885,1.0,-7.628161064456822
-0.6307644501840676,0.1758722500735608,-1.0,-0.6399141624551985,0.40406887999357854,1.0,8.935940934389441
1.0,0.719623771085465,0.009592835841479963,0.5295160928214186,-1.0,-1.0,7.633118589856077
-0.4029046278588402,-0.7603304055193628,-1.0,-0.06826914422617825,1.0,-1.0,3.3419950375164933
0.5805642671864739,-0.3314424563849401,0.5497919844992452,1.0,-0.6075381297562015,-0.04055580466398068,1.3394849922994252
0.5107826991047653,0.697976009350194,0.6975269769253947,0.1544131813360342,0.033845948456360464,-0.8081152024079802,1.842755051333123
-1.0,-0.3047645388146616,-0.055281567827834444,-0.7909883608895263,-0.7254335678778467,0.2627763840865974,-2.522484332320838
-0.5337949129686311,0.3312441719848992,-0.04855320362812274,0.7729042542619172,-0.6217834293598203,-1.0,1.8618848658598743
-1.0,0.6986535535249659,-0.45350920512816695,1.0,-0.41710531340687396,-1.0,3.258037061040312
0.5116708442384861,-1.0,-0.40461626834582587,-0.1843763228820417,1.0,0.8915884845022948,-0.4306170593802402
-1.0,-1.0,-0.48299001767026056,-1.0,-1.0,-0.9686397828980011,5.1717776411041285
1.0,1.0,1.0,0.7934399116000452,-0.25170365098343717,-0.2861315290472226,0.403306483703774
1.0,-0.14670364101889585,-0.6651484791100988,-0.0016816215892046515,0.7519069052800387,1.0,-0.26126816462717356
-0.39619307147678573,0.05087463681965576,0.20356552393722604,-0.8229199985068669,-0.16677557097381163,0.7153547365205384,0.506701492929136
-0.302624694498969,0.39533000261374307,-0.39621354530428504,-1.0,-0.07351939340458502,-0.2827839177921414,-1.0230539030422485
-0.7690434370473673,-0.31585767886012417,0.28994080026504854,-0.559507618737844,-0.663182425720129,0.45841699465980396,-1.3726068365097652
-0.22142674431435394,0.651107931651944,-0.7731008761352094,-0.9534621190551513,-0.7490150136317582,-1.0,-0.12176712843650889
1.0,0.22546600909594905,0.6272424118539865,0.010397609361583626,0.45925186813373836,0.776423897196381,-1.5499380243048837
0.1680918059547991,0.3435478917660524,1.0,0.06768000770897689,0.39732050287745085,-1.0,1.4721259394002895
-0.7989555714653271,0.671425506772485,-0.9054673939522913,-0.363750617391857,-0.2070705447987149,-0.835980768042551,3.296219734236925
0.4406184828022555,-0.27282281504762623,0.35191207691536486,-0.8626499397752734,-1.0,-0.8170918258474471,5.319663639978911
-1.0,-0.2283443988956319,-0.826948622626185,1.0,-0.2968473951277263,-0.25170845829141597,-1.3070786924616273
0.8830981748878662,0.9094279943794366,1.0,0.6995438223301852,0.6717345901078635,-0.23564340543382983,-5.260199644876639
-0.618286608803359,-0.3298803391509018,-0.5252909084578118,-1.0,0.49966303460144795,-1.0,4.617399127832587
0.19297525545279415,0.5956826222046292,1.0,1.0,-0.12125482110422803,-0.8246528059208348,0.38446568288650307
-1.0,-0.1516101034614077,1.0,0.26526223833324936,-0.6595315103015902,0.12549836688864557,-2.225003810053193
0.30396313441687833,-0.26205233843846587,-0.3532347674211039,-0.09318961747369892,-0.978608028575225,-0.23130127979469384,0.6753352512040869
-1.0,0.5284835813000119,-0.3632833547154638,0.06811635931422749,-0.7378222945313813,-1.0,-0.4553344181280374
-0.19108214925767641,0.7111295699614166,1.0,0.7880795899266793,-0.736870790641484,-0.7438079841957994,0.44105722499784505
-0.6829466730871101,0.7889544820384139,-0.601318931727323,1.0,1.0,-0.6998895071725368,1.8642409147407875
-0.5307858947266433,-1.0,0.2754379122485261,-0.6548366346411767,-1.0,-0.49370257314838956,3.7000294679702064
1.0,-0.4925408621607158,-0.22045136168959845,0.3956733207551709,-0.1759816586373728,-1.0,5.802069947944412
-1.0,0.08352718656961117,-0.4796318672859693,0.6133808016848388,1.0,0.35635338848174136,2.6535761981128534
0.47162956519423166,0.8652285886778368,-0.1335637565320074,0.5626571232998668,0.8062064186621776,0.10870307753879649,-0.42333134012117174
-0.3859477052840766,-0.48130901795313463,-0.7865479497257877,-1.0,-0.270580038880299,-0.3520247115253281,-0.7826868084800549
-0.933938640242912,-0.9373867511200358,-0.9012246522489773,0.019863693596442994,0.22521672526585462,-0.5264463506589817,-1.92229318845599
0.05529113405977559,0.8791153620268531,0.5236670046681874,1.0,-1.0,-1.0,4.127121263767819
-1.0,-0.6894312313023292,-0.12965750376260665,-1.0,1.0,0.050463472089067984,2.836999548750822
-1.0,-1.0,-0.40493415685783385,0.05501315953363467,-0.44997002266515795,-0.15983957987675346,-0.8135197407974168
0.7165174026881573,-0.7718995322739536,-0.17644755802703105,0.34324678573375006,-1.0,0.1862643981205555,3.1713670619110954
-0.13191862709635815,-0.24152531098873337,0.1568191766391281,0.13069568817960447,0.7310557326489748,0.11874415905299995,0.4162298482513865
0.8775563332968981,1.0,0.12232765787544642,0.9810525053153445,-0.9318701045246733,-1.0,11.073888934314473
0.7295974528775226,1.0,1.0,0.3052107500131971,-0.1258463299780188,0.13518368905023026,-3.1185105313390697
-0.33046716547902066,-0.03507992035033425,-0.8594738537335688,-0.2432914367623944,-1.0,-0.4779669729457512,-0.5558750558107997
-0.500843979659731,-0.206639071712589,-1.0,-0.5023716680111927,-0.8215306993515603,0.5128369377914177,-0.18742051636833412
1.0,1.0,0.43249947156189705,0.9541735146350763,-0.5469595881048572,0.8966506011103217,4.0997963002933915
1.0,-0.32773403829572967,1.0,-0.9900948003296737,0.11830351257727842,-0.07342944643815674,-0.7755586802719001
-1.0,-1.0,0.45708972601059333,-1.0,-1.0,-1.0,6.955286453235918
0.0056617840787820395,-1.0,-0.006015541924024759,-1.0,0.7475260167077692,-0.546449366862308,3.201339446748237
1.0,1.0,1.0,0.9120675763184083,-0.6119612106411843,-0.15376665863418257,2.5189898905412846
-0.07006650097492961,-0.375317670609586,-0.6133538992435942,0.23680529504537362,-0.8893011283210431,0.6464749284026188,0.5726869280276217
-0.022432836080313323,0.5145109690940769,-0.8168902719740871,-0.6084742513504093,1.0,0.8368503053232672,7.591270723458431
0.8736476337294645,0.39412118849459654,1.0,1.0,-0.5516291541255121,1.0,-0.7861599194322794
1.0,0.19561409425534343,1.0,0.10466553907011761,-0.2791616921674289,-0.2927931511774052,2.7432146445826797
-0.8572856438176419,-1.0,0.09079510882861586,-1.0,0.5537964890402974,0.3427461185844372,-0.7174493723395996
1.0,-1.0,0.2811961990039735,-0.23390102835405632,-1.0,-0.7917783190858525,9.667209859139696
-1.0,-1.0,-1.0,-0.929083322986147,0.05155854407992912,-0.4214512351224153,-4.449992339883767
-0.7734897537241368,1.0,0.5497491458615416,0.6263184469914492,-0.5037349594052003,1.0,-2.122586728041901
0.7945594578296726,-0.6002856413655138,-0.1388496240235958,0.7488406096826621,-0.16062993510243273,0.4278451307314708,0.5440747521099487
-0.9805388705482286,0.1220541817936866,0.6170777376690116,-0.6616450230644157,0.04240448213376266,-0.02952876527758508,0.09447560108248143
-0.5274786464525414,-0.7917673636011471,-1.0,-0.7141153073169197,-0.8721865879648979,-0.21704632998468104,-1.7188456297000143
-0.2447864131610693,-0.3376967091480736,-0.43447081022793815,1.0,-0.8279387119208774,0.1849099649574334,0.24617648117310334
-0.8122581695071486,0.03364538437461251,0.6629923510073515,-0.03452485079937795,0.5094694652888453,-0.5147106691311732,1.755206219388724
-1.0,-1.0,-0.18636107347973263,-1.0,1.0,1.0,0.9412829616892768
-1.0,-0.9403298981149995,-1.0,-0.6916197493013663,0.26743472694857284,0.4945760005827555,-3.904233628043336
0.8212202124807687,0.3807903344717121,0.04286827765628576,-0.8742949549060597,-1.0,-1.0,6.138739812150534
-1.0,-0.26116723384356777,0.20644662876998826,-0.8928288030771138,-0.22927756245200603,-0.3556074069183648,0.6633731717749501
-1.0,-0.7751207987444614,-0.812419516422062,0.08527572850196397,-1.0,-1.0,-0.41383735161923296
-0.3410381869517114,-1.0,-1.0,-1.0,0.6446198062766301,0.8424575493363153,-2.974639952246657
0.6487718157185149,0.7210816340576045,0.4527956340532675,0.2930578499749783,1.0,1.0,0.45185931374944055
0.47037282875163466,1.0,0.3613293284241246,0.47467419407265,0.9389987609929906,-0.1374319846235944,-0.749461354781392
0.7740260955048056,0.059497136131888374,-1.0,-1.0,1.0,-0.785353752491059,-2.9335124093619473
-1.0,-1.0,0.0766069606136911,-0.780073824797513,1.0,1.0,2.2028403029263695
-0.14492354189161738,-0.22369584215078953,0.09501072011919859,-0.6805210664699126,1.0,1.0,4.510463715638064
0.4422828786582238,0.3926334209140381,1.0,0.6310070787301305,-0.5677447962056296,0.18459370767354755,0.136370374150585
0.2836303759576507,0.12376489169429139,0.10085038107881922,-1.0,-0.09132635268732225,-1.0,2.785187623254844
-0.5783495807320214,-1.0,-1.0,-1.0,-0.6266012882432686,-1.0,4.525608964978516
-0.826609121367246,-0.981469591432212,-1.0,-0.551782836513702,-1.0,-0.35274490847210127,-3.417507873757997
0.9784333753114247,0.9097990504210003,1.0,-0.050379296684815555,1.0,-0.9399602098731409,-3.5758113007590553
-0.10984645283177458,0.017158698459184808,-1.0,-0.28717418369693415,-0.9775136010888656,0.3195755936838372,-0.8883540669022304
-0.2643265111085482,-0.7620110992930429,0.22891301691375388,-1.0,-1.0,-0.3596543885021459,5.881705453801722
-1.0,-0.27623018998848226,-1.0,-0.19404511656045265,0.24515509256215595,0.6417846706583995,2.470951173953758
-0.7454792796961295,-1.0,0.9592669080599248,-0.8012533039697667,-1.0,-1.0,6.119750617366367
0.7708527908519877,-0.42461945374262877,-0.7410873110951064,-1.0,1.0,0.4210231912876681,-2.2533912102178673
0.11089563306869654,0.7426508346965588,1.0,0.6527749211666543,1.0,0.20426736417832103,-3.5087656547370094
-1.0,-0.1555093189521659,0.9686040238375593,-1.0,-1.0,0.18711807724481958,-2.3828025885055197
-0.07367582784345705,-1.0,-0.5050767048363674,-1.0,-0.2913158095368372,-0.03605796902506367,-0.5947488586630456
-1.0,-1.0,-0.65594127027144,0.30315734637047026,0.7517611998075197,-0.2432391880105638,-0.6822876401215252
0.0742988827760348,-0.007029027534922183,1.0,1.0,0.27849626368228847,-1.0,0.13360369070263628
-0.3477629369693498,-0.010323090153652292,-1.0,1.0,-0.0936413167175636,-1.0,2.899825992244472
1.0,1.0,1.0,0.2544943339236527,1.0,1.0,-6.468275631853155
-0.3937759548859201,-1.0,-1.0,-1.0,0.014286243226924872,-0.5768799410759733,-1.9960581810108426
0.06607323907394291,0.9238817996000952,0.4055224009006564,0.40733267704943665,-0.6623957172332635,0.9195758838251902,1.981725041079864
0.9629740623543033,-0.5612904695241417,1.0,-0.3818244031640873,0.4246200032631676,-0.01615353148360618,-0.671001554145376
-1.0,-0.010408505249630232,0.14982898717920828,-0.35869464075826546,0.6553373324295279,-1.0,4.56514431264568
0.20628059745563065,0.4265421172804444,1.0,1.0,-0.0415895868944991,-0.9556072632040542,0.6256255728402976
-0.020500046114852566,-0.3967022321914237,-0.3133653466666451,-0.26518000646448014,-0.379469092247706,-0.700052243255587,1.3289611307680778
-0.7703396887226199,-0.8763663524171428,0.9240563669023544,0.7092155674901581,-1.0,-0.028742639306703843,-2.360300291799038
-0.8670549827884313,-0.24262219109015537,-0.5687046020603507,0.5841428888525807,0.6723606065210992,-0.022727894093432843,0.5547818565254425
-0.39745822723195623,-0.32200091915722096,-0.6750641062686942,-0.8421196243188764,-0.4710424373419526,-1.0,2.959497946800539
1.0,0.6124929868156668,1.0,0.4338990068780637,0.9152463525578871,1.0,-6.121360432703975
-1.0,-1.0,-1.0,-0.9841281370585618,-0.6526718376474714,-1.0,3.4987412194988585
-0.0420446425550961,-0.943725577702822,1.0,1.0,1.0,0.16391583134756327,-0.4694301166496995
-1.0,-0.13564596740366697,-1.0,-0.4154726279796389,-1.0,-0.738770590673365,-1.364131287665464
0.1165450281961673,1.0,0.2965378195568473,-0.6786422893948747,1.0,0.46528406431854274,2.8567180839962716
-0.07738364532293995,-0.8818892373080769,-1.0,-1.0,-0.32148292288613745,0.5742514964612856,-0.5961263217194203
0.9364063988569999,0.9637673714140114,0.7456417466455647,1.0,0.047243540356892044,-1.0,3.224785932934147
-1.0,-0.07920246573793976,-1.0,-0.6240574297634898,0.3444739808141573,-0.6977930292558626,2.0983897160944367
-0.920004429558135,1.0,0.23561489188480242,1.0,1.0,0.49901584926202425,0.05207097530161742
1.0,-1.0,1.0,0.6600824343573496,-0.25841956000702737,-1.0,8.736228671120717
0.26224680347150386,0.7806496713027897,0.8839029885082643,0.23925295781142097,0.11474248626613617,0.001757511276870849,-1.2167060271829382
-1.0,-0.9540965348851016,-0.20890935468163607,0.5710920750414508,0.5603128010280007,0.6927514193672872,1.103858460274269
-0.06919997907696307,-0.5386472944350941,-1.0,-1.0,1.0,1.0,3.787934585290841
0.26796636807924895,-0.13217154469086317,-1.0,-1.0,0.10780771903142616,-0.1267630586129459,-1.0929880196340382
-0.34953266346183687,-0.2348558128203055,0.15961119720461753,0.6580489579506912,-0.42996798883498766,-0.6782960729155202,0.8522004262356276
-0.21127699722984372,-0.9985222451016926,-0.6146245489112262,-0.8349588706768003,0.2651895797068394,-1.0,3.016778170987706
0.8382374284274245,-0.2573308826200959,1.0,0.5507174665232194,0.8921653555994865,0.016669318611193473,-3.104094327259822
0.25760629909269744,1.0,0.902243395778847,-1.0,-0.11828195785918551,1.0,0.002611814287725722
-0.4969321103700628,-1.0,-1.0,-0.05822114846030413,-0.3111188359925918,-0.09819900197444431,-2.6813956568037787
0.07607515276103283,-0.05746277876023319,0.6284653647082182,0.8300297562701451,0.14554955018289373,1.0,1.3893576392939448
0.6357523693331213,-0.28537508340241735,0.1821410555561518,0.46086005300402466,0.5677989807679659,0.8358827624658163,0.877157467175943
-0.03613166311193939,-0.2588655799579236,-0.9558119454276084,-1.0,1.0,0.5761965439300816,1.674304816949262
0.24326268978404342,0.22692279673493,-0.4487299648269145,-0.49519081435955103,-1.0,0.0986787669337269,1.5396570438014856
-0.10497849193223852,0.33819472171699505,-1.0,0.8256862399391075,0.13289681513483476,-0.2840347202138755,-1.5015285323862493
1.0,1.0,-0.21371997180094615,0.8406891560717005,-1.0,-0.828912165322294,8.426489927202907
0.16587294570977573,1.0,-0.4580144413064271,1.0,1.0,1.0,5.569194951941925
0.0870439646350396,1.0,0.1432901861959749,1.0,-0.1292666416700456,-0.940446804391981,3.196045956644736
0.4327132768042791,-0.8305772568275095,-0.5772838380280185,-0.17390936542999413,-1.0,-0.657858074670986,1.1950042027228291
-0.7783508123127512,-1.0,0.6830590933780136,-0.9776559096017041,0.7396535754363859,1.0,-2.7128979112776106
-1.0,-0.27404569627385145,0.6308063658286893,-0.24844420452997845,1.0,0.3965892780430835,-0.05179413971427749
1.0,0.01679725418273703,1.0,0.2527808315806712,0.38785812274095144,-0.3023953308706995,-0.014348200377857223
0.7756523116791579,0.08478747763856942,0.11666505758021278,1.0,-0.276797538882377,0.9367240506095016,3.421009174689395
0.2802532048949685,0.1297832281761805,-0.6410371548438598,-1.0,1.0,-0.6446237723685326,0.24010207362854002
-0.9848454974526185,-0.7666844112260203,-1.0,-0.2647394485546768,-0.2566584916876773,0.6672942355582315,-0.8619134771380695
0.05465709390148854,0.24743363081726755,1.0,0.0664432496780063,-1.0,0.9064158653394305,-1.016128332713621
-0.025266825147300498,-1.0,-0.9006239595682908,-1.0,0.84182572006207,-1.0,1.9218706956783056
-0.263073564058502,0.0830360481735426,-0.4751853025776761,-0.0933794807211723,-0.5933302648483547,-0.3392195358709491,-0.45313139977521166
0.6937267407766948,-0.5353082336251439,0.4780978204164729,0.13239423710077036,-0.4869933610842584,0.9899969925722474,2.6672243177448136
0.5184575445232168,1.0,0.25586381610224207,1.0,0.5843014485372181,-0.9347528926206343,0.1769591089519873
1.0,1.0,-0.9311276017399602,0.47302954213261567,0.18228970036338848,1.0,4.443875709866387
-1.0,-0.09011576412300815,-1.0,-0.8431898973917413,0.5605312374017475,-0.6715442312128747,1.4056872538961842
1.0,1.0,1.0,0.6668245182641177,0.22878928559238476,-0.28915112343507887,-1.8589851849624313
-1.0,-0.44383895602819345,-0.5612545601564163,0.16987132391037402,1.0,0.7465011505876364,3.0804070199155467
-1.0,-1.0,-1.0,-0.8149361347239978,0.18298907461395997,-1.0,4.400638291551252
-0.22045964570878918,-0.807578574006928,-0.923107169515678,0.5362764597167714,0.33171632304052107,-0.45106716676861836,-1.446434883328354
-0.11641690655086395,0.0471022746168417,-1.0,-0.018739665194548838,-0.3287781227007963,0.2978757315824383,0.6066736441543961
-0.5640549786551141,0.24169604929476557,0.48845127976985336,-1.0,1.0,0.35154935381041275,2.318491685086932
-1.0,-1.0,-0.019028347252539213,0.09504734652302871,-0.4916772932124397,1.0,-1.2732653900389828
0.3631702421370343,-0.6722618478666045,0.050843078121176666,0.6908788725226851,1.0,0.7146120534932701,1.6561879610975914
1.0,1.0,0.01579277496743292,0.3185134547384949,-0.7237379166790046,1.0,6.42120400921976
-0.8651956602870255,0.1995532848519158,-0.5143548919994386,0.29472706781774616,1.0,0.4380056572746167,2.539375533250162
-1.0,-1.0,-1.0,-1.0,0.45686191420783984,1.0,-2.6646871230985343
-1.0,-0.22639591232705358,-1.0,-0.06195827221429773,1.0,-0.13430068770123096,-1.5200723545088464
-0.1319324549921178,-0.3041815834136852,-1.0,0.11513449850889457,-1.0,-0.6710487649333071,-0.23984805446260637
0.22607449334632473,0.153301330931924,0.2288495696233579,-0.5783444292852835,-1.0,0.11260208874275779,0.9592236809029524
-1.0,0.37596860755701067,-0.14373087929206374,-1.0,-0.8118066825261463,-1.0,-1.3336685370956658
-0.19434752439267539,-0.23835089575923551,0.9977078704961989,0.6495071963305012,1.0,1.0,-1.0220840113154503
0.7417536180475186,0.6878423829683172,-0.8744158402013098,-0.3960757419213484,0.12658209419072788,0.3598509414714771,1.0677136378690577
0.9358124462211252,1.0,0.2412654262843389,1.0,1.0,1.0,-0.30118630039133715
0.7244203509555949,-1.0,-1.0,-0.44602961402312435,-1.0,-0.6137685359670978,4.59408221968056
1.0,0.1645264674978364,0.516819578940353,0.0052379291118860305,1.0,-0.6883714760470512,-0.9371112680511073
-1.0,0.06228573520681849,-0.9041790874489928,-0.27753277899040785,0.7118454086573518,0.3180845265758683,0.03754409684425464
0.04766459380032459,-0.12379893730094793,0.20227477391246437,0.2243968957478994,0.17339553154211895,1.0,2.126534034631058
0.15919645014656414,-0.019073649937127513,1.0,1.0,-0.1087668334702534,-0.8255670629887563,0.3907515989526915
0.3224198153771127,0.9249850840366388,0.3503617281704826,0.33083714907146144,-1.0,-0.11542055239976501,0.8139186567133745
1.0,1.0,1.0,1.0,-0.14025388328980704,0.12040054770039099,-1.8041644671166466
-1.0,-0.037918015109325215,-0.3325298095839526,-0.4442426090031072,0.468511994765501,0.07263729760835719,1.9997398973912563
1.0,1.0,1.0,1.0,-0.8219407536833896,-0.15708281205793828,3.879291914511805
0.5842508120798853,-0.6999465035744701,-0.309299744960933,-1.0,1.0,-0.016133462257247322,-0.4607800746265523
-0.6568787327462601,-0.38109523805237777,-0.6369450996179945,-0.7571141493541832,0.9014242912203912,0.6807060782364158,3.8584882823797515
0.48966998290083996,0.09575847493035128,1.0,1.0,0.8834044595725732,1.0,-3.4982141872395216
0.5361730127926068,0.6903803064144062,-1.0,-0.5086487347584197,-0.09936576199041856,-0.35212371291399736,-0.14269873043369705
0.43174187665923114,-0.6108071062749966,-0.1948883509188926,1.0,-1.0,-0.19682414018646427,3.056643360987128
0.2264545386916163,0.15512448293625392,1.0,1.0,-0.6473407695975177,-0.07857588285575723,-1.2813460266691874
0.5574228128829977,0.9808406420451878,-0.4393838641336648,-0.15568356747016754,1.0,0.6554645553435797,2.5642537454113756
-0.2671469782019769,0.19215384325862006,-1.0,-0.43035199608866836,0.7735081868585455,0.21155762394653765,-0.26755853451483547
0.16956871544222632,-0.5851844755579402,1.0,-1.0,-0.21002252781556813,0.47979921946077597,-1.918423909156996
0.8697422798595043,1.0,0.9655475409122573,-0.5223371610210722,-0.26602336542085747,-0.12289734804668105,-1.5922333619962539
-0.10429146085399932,-0.883839107474147,-1.0,-1.0,-0.055293759669083675,-1.0,3.3469079792703296
0.846840499453543,0.9292688511604672,1.0,0.8660586251318589,0.029034628845550525,0.714107623991203,-4.5405841211192355
0.7680838373186258,1.0,1.0,-0.35252869138410364,0.4725265030642456,0.6667530105163753,-3.245215687935154
-0.46939370752749765,-0.8093697636286783,-1.0,-0.2829589594279869,1.0,1.0,5.24395040999667
-0.9720298924268006,-0.034594572184193595,-0.33128590379334116,-0.6687148425995757,-1.0,-0.8266307636870287,-1.5864310623578508
0.178191987627977,-0.935232161099985,-0.8394749229326698,0.7067461348738037,-0.7041683131377549,-0.5175931199623541,-1.4739385068451738
1.0,1.0,1.0,0.1864546153915101,0.23220695335868036,1.0,-4.838545229954138
0.5411921066992565,0.39547060442627935,-0.9880543201234171,-1.0,-0.12358979233079703,-0.26039561194580474,-0.696701118208101
-0.9108509306732568,-1.0,-1.0,-1.0,0.15927249595331439,-1.0,2.6266631780190095
1.0,1.0,1.0,1.0,-0.9588157609747436,0.33713770610788585,3.4126910384578033
1.0,-1.0,-1.0,0.3512065388282891,-0.991220789095613,0.1941560680677193,4.18656702355225
-0.8457489373151925,0.033647788644845744,1.0,-0.636076254698587,0.019179748177784672,1.0,-2.131500303383752
-0.2046952353083764,0.315493307554415,0.2441123228098525,-0.2744866197301927,-1.0,-1.0,0.806222586434302
1.0,0.7397050187538804,1.0,-0.06062501690881261,0.028068318987395424,-0.4611028228751678,0.3201656683700035
-0.6478676185997343,-0.21509804143650735,-0.28211033466413027,-1.0,0.38183137875130635,-0.5609861678934562,1.746290454907637
-1.0,-0.10509585036080549,-0.673333732597355,-0.7998394338035282,1.0,0.28599678395680006,2.068365765297596
-0.8675993355239354,-1.0,-1.0,-0.1783133031310974,-0.9901213698149881,-0.8863067412516181,-0.3659301897473348
-1.0,-0.2500810822406043,-1.0,-1.0,-1.0,0.2734605066132542,-2.0624254060687854
0.334672219057111,1.0,1.0,0.45733267665578037,-0.8911274657694405,0.28220395871174614,-1.8390087903634271
-1.0,-0.8480932920103519,-0.24258604908274406,-1.0,-0.1673035509180545,0.27436368486124774,-2.2505969301194018
1.0,1.0,1.0,0.6601100655890473,0.09527722986260512,0.9318755476752023,-4.601004746072363
-1.0,0.8785122821893374,-0.6446515444788812,-1.0,-0.8657498257727565,-0.5406250883459578,-0.45752129166361
-0.098567426553265,1.0,0.3084640466155302,0.8352300289684271,0.2525983899220179,1.0,0.33899268106364894
-1.0,0.0331206055281531,-1.0,-0.5613069171017837,0.004958302322565888,1.0,7.22517086863144
-0.9386397278098322,-0.6597532992554078,-0.24736835670729151,-1.0,-1.0,-0.08193740704751118,1.1001520225958221
0.9226946441678936,1.0,-0.026131602020172784,-0.23291851294334953,0.49408788799843495,0.17822876530396847,-0.045277075757384044
0.4514371511875783,1.0,-0.27980579633983593,0.6069268203995528,-1.0,-1.0,5.77597644803518
0.6470818199201189,0.8839332635629551,0.5523450998345045,0.2104215367461868,0.5417567571963573,0.4310351360172731,-1.1230656749390022
-0.6126617175883069,-1.0,0.01394072502647381,0.4771678196321185,0.6102385536113495,1.0,2.5628440521165263
-0.63433733992993,-1.0,-0.6326295326164653,-1.0,0.2081654879567011,1.0,-2.4323292438339754
1.0,0.5961453576510347,0.29311224579150097,0.8115084780693342,1.0,0.7299815428717633,-2.3960599976860406
1.0,1.0,1.0,0.49908564163324787,-0.9695269530709569,0.5147930461731897,1.5552219101786822
0.16912215408409803,-0.3014835878624166,-0.11118858225084288,-0.2636567640087307,-1.0,0.9378347018335678,4.616666546447511
1.0,0.1173600695554533,0.9506133482431324,0.07616185072467918,-0.4113794635107404,0.6114570793152699,1.9633727893867463
-1.0,-0.39801898301658434,-0.7551211233214473,-0.1931698005656386,-0.4251356166123168,-1.0,2.6642772411445876
0.3969532684506094,1.0,1.0,1.0,-0.706857369590979,-1.0,3.3762969451278955
